n_genes,n_genes_by_counts,total_counts,total_counts_mt,pct_counts_mt,leiden
781,779,2419.0,73.0,3.017776,3
1352,1352,4903.0,186.0,3.7935958,2
1131,1129,3147.0,28.0,0.88973624,0
960,960,2639.0,46.0,1.7430845,4
522,521,980.0,12.0,1.2244898,5
782,781,2163.0,36.0,1.664355,0
783,782,2175.0,83.0,3.816092,0
790,790,2260.0,70.0,3.097345,3
533,532,1275.0,15.0,1.1764706,3
550,550,1103.0,32.0,2.9011786,4
1116,1112,3914.0,103.0,2.631579,2
751,747,2388.0,26.0,1.0887772,0
866,864,2410.0,26.0,1.0788382,0
1059,1058,3033.0,43.0,1.4177382,1
458,457,1151.0,27.0,2.3457863,3
335,335,792.0,19.0,2.39899,0
1424,1422,4584.0,64.0,1.3961606,1
1014,1013,2928.0,50.0,1.7076503,0
1446,1445,4973.0,76.0,1.5282526,2
446,444,1268.0,44.0,3.4700315,2
1020,1015,3281.0,85.0,2.5906737,2
417,417,1102.0,17.0,1.5426497,0
878,877,2683.0,67.0,2.4972045,1
789,787,2319.0,27.0,1.164295,2
510,508,1412.0,28.0,1.9830028,0
824,823,2800.0,63.0,2.25,0
1545,1541,5676.0,138.0,2.4312897,4
996,996,3473.0,61.0,1.7564065,0
937,936,2811.0,52.0,1.8498755,0
1368,1368,4128.0,189.0,4.5784883,4
428,427,955.0,19.0,1.9895288,3
406,406,822.0,14.0,1.703163,2
1020,1017,3208.0,62.0,1.9326683,1
786,785,1760.0,11.0,0.625,0
1019,1017,2761.0,53.0,1.9195944,1
750,749,2740.0,61.0,2.2262774,0
822,822,2567.0,51.0,1.986755,1
982,980,2969.0,65.0,2.1892893,4
876,873,2978.0,74.0,2.484889,0
930,928,2641.0,38.0,1.438849,5
838,836,2357.0,50.0,2.1213408,3
1014,1013,3411.0,51.0,1.4951627,3
732,731,2178.0,31.0,1.4233242,0
877,877,2688.0,46.0,1.7113096,0
782,782,2104.0,63.0,2.9942966,0
787,785,1799.0,16.0,0.88938296,0
791,788,2629.0,27.0,1.0270065,0
880,880,2280.0,51.0,2.2368422,1
801,800,2652.0,64.0,2.413273,0
1215,1213,3569.0,98.0,2.7458673,4
343,342,688.0,17.0,2.4709303,1
1460,1458,4711.0,149.0,3.1628106,4
1250,1249,3840.0,107.0,2.7864583,4
756,756,2343.0,26.0,1.1096884,0
836,835,2294.0,84.0,3.6617265,0
824,823,2632.0,55.0,2.0896657,2
827,825,2294.0,59.0,2.5719268,1
1238,1237,3390.0,56.0,1.6519175,0
1243,1240,3994.0,139.0,3.4802203,1
1652,1649,5682.0,90.0,1.5839493,4
843,843,2675.0,71.0,2.6542056,0
825,825,2771.0,70.0,2.5261638,0
656,654,1246.0,59.0,4.7351522,5
776,776,1947.0,33.0,1.6949153,4
766,764,2076.0,27.0,1.300578,0
1465,1461,4617.0,91.0,1.9709768,4
790,789,2048.0,31.0,1.5136719,0
871,868,2774.0,61.0,2.1989906,0
803,803,2866.0,77.0,2.6866713,0
965,963,2913.0,41.0,1.4074837,0
800,799,2502.0,55.0,2.1982415,0
876,876,1915.0,27.0,1.4099216,5
690,690,1442.0,40.0,2.773925,0
988,987,2148.0,43.0,2.0018623,5
906,906,2820.0,69.0,2.4468086,0
741,740,2070.0,43.0,2.0772946,2
620,620,1665.0,41.0,2.4624624,0
867,866,1932.0,24.0,1.242236,0
916,914,2874.0,43.0,1.4961725,0
969,967,2605.0,82.0,3.1477928,1
803,801,2122.0,32.0,1.5080113,1
732,732,1840.0,67.0,3.6413045,3
555,554,1289.0,31.0,2.4049652,4
790,789,2102.0,21.0,0.99904853,0
862,857,2326.0,51.0,2.1926053,1
900,899,2335.0,62.0,2.6552463,2
674,674,1864.0,41.0,2.199571,0
397,397,780.0,11.0,1.4102564,0
663,660,1437.0,30.0,2.0876827,2
563,563,1125.0,21.0,1.8666666,2
786,785,2314.0,29.0,1.2532411,0
859,859,2309.0,57.0,2.468601,1
568,567,1345.0,28.0,2.0817845,2
412,412,878.0,22.0,2.5056946,2
1043,1042,3116.0,53.0,1.7008986,1
1206,1202,4019.0,158.0,3.9313262,1
702,700,2117.0,36.0,1.7005196,0
1263,1256,4058.0,60.0,1.4785608,1
929,928,2762.0,71.0,2.570601,1
1079,1078,3062.0,54.0,1.7635531,6
938,937,2279.0,56.0,2.4572182,5
316,316,642.0,17.0,2.647975,1
900,898,2478.0,57.0,2.3002422,0
919,916,2168.0,48.0,2.2140222,3
862,857,1684.0,29.0,1.7220904,5
903,899,3235.0,88.0,2.7202473,2
390,390,803.0,1.0,0.124533,3
1717,1713,6153.0,145.0,2.356574,2
819,819,2764.0,40.0,1.447178,0
1877,1871,7064.0,99.0,1.4014723,6
660,657,1535.0,23.0,1.4983714,1
791,790,2110.0,23.0,1.0900474,0
478,477,908.0,32.0,3.524229,0
769,768,1789.0,32.0,1.7887088,0
481,480,1047.0,21.0,2.0057306,1
819,818,2102.0,36.0,1.7126546,4
866,866,3131.0,50.0,1.596934,0
600,600,1494.0,27.0,1.8072288,2
1185,1185,3668.0,56.0,1.5267175,4
650,648,2046.0,80.0,3.9100685,0
775,774,2075.0,19.0,0.91566265,3
699,699,1870.0,46.0,2.459893,1
642,640,1773.0,33.0,1.8612521,2
857,855,2385.0,59.0,2.4737945,3
832,830,2587.0,101.0,3.904136,0
388,387,967.0,8.0,0.8273009,0
710,710,1874.0,41.0,2.1878335,1
341,341,659.0,4.0,0.60698026,2
894,892,1723.0,32.0,1.8572258,5
935,933,3251.0,60.0,1.845586,0
604,604,1523.0,37.0,2.4294157,0
1008,1007,3368.0,62.0,1.8408551,0
985,980,3282.0,78.0,2.3765996,0
679,679,1838.0,56.0,3.04679,3
603,603,1572.0,32.0,2.0356233,2
864,862,2334.0,46.0,1.9708654,4
1031,1030,3264.0,96.0,2.9411764,0
887,886,2759.0,65.0,2.355926,0
603,601,1604.0,21.0,1.3092269,0
610,609,1500.0,33.0,2.2,2
1119,1118,3309.0,52.0,1.5714718,0
669,667,1745.0,18.0,1.0315186,3
794,793,1815.0,35.0,1.9283748,5
963,960,2874.0,45.0,1.565762,2
756,753,1861.0,67.0,3.6002147,3
637,637,1457.0,33.0,2.2649279,3
1032,1031,2804.0,42.0,1.4978602,2
776,776,2440.0,62.0,2.5409837,0
860,860,2533.0,60.0,2.3687327,1
825,824,1753.0,22.0,1.2549914,5
852,850,1953.0,42.0,2.1505377,3
745,743,1894.0,37.0,1.9535376,0
858,857,2581.0,51.0,1.9759784,0
925,923,3166.0,70.0,2.2109919,0
1228,1228,3553.0,76.0,2.1390374,1
806,804,2147.0,18.0,0.8383791,0
715,715,2183.0,35.0,1.6032983,0
668,667,1709.0,31.0,1.8139263,5
779,779,1918.0,14.0,0.729927,3
1197,1194,3092.0,62.0,2.0051746,1
888,888,2866.0,46.0,1.6050243,2
1273,1266,4432.0,94.0,2.1209388,6
873,872,2224.0,46.0,2.0683453,2
847,846,2380.0,78.0,3.277311,1
781,780,1958.0,50.0,2.553626,3
959,958,3037.0,72.0,2.3707607,2
805,803,2209.0,44.0,1.9918514,0
554,554,1286.0,62.0,4.821151,0
604,603,1207.0,60.0,4.9710026,3
785,782,2142.0,57.0,2.6610644,0
978,978,3047.0,17.0,0.5579258,0
910,909,3321.0,55.0,1.6561277,0
936,935,2738.0,54.0,1.9722425,0
997,996,2995.0,45.0,1.5025042,1
961,960,2672.0,46.0,1.7215569,0
1314,1313,4510.0,85.0,1.8847008,6
799,798,2568.0,30.0,1.1682243,0
1112,1110,3465.0,32.0,0.92352086,0
677,676,1730.0,62.0,3.5838149,2
775,774,1799.0,43.0,2.3902168,2
1298,1295,3970.0,123.0,3.0982368,4
657,656,1972.0,34.0,1.7241379,2
626,624,2017.0,50.0,2.478929,0
1313,1313,4094.0,108.0,2.6380067,4
467,466,954.0,27.0,2.8301888,1
936,936,2326.0,61.0,2.622528,5
977,977,2384.0,42.0,1.761745,5
780,778,2104.0,38.0,1.8060837,0
1311,1310,4144.0,132.0,3.185328,1
432,431,947.0,42.0,4.435058,0
579,577,1622.0,72.0,4.4389644,2
850,849,2316.0,34.0,1.4680483,0
736,734,1845.0,64.0,3.4688346,2
800,798,2163.0,47.0,2.172908,3
892,890,1869.0,35.0,1.8726591,5
860,857,2021.0,45.0,2.2266204,3
720,719,1768.0,23.0,1.300905,3
822,820,1806.0,25.0,1.3842747,5
681,680,1523.0,24.0,1.5758371,0
954,951,2057.0,57.0,2.7710257,3
889,889,2314.0,80.0,3.457217,1
1265,1264,3651.0,70.0,1.9172828,3
919,918,2310.0,39.0,1.6883116,3
799,797,2137.0,67.0,3.1352363,0
833,830,1981.0,20.0,1.0095911,0
496,496,1046.0,19.0,1.8164436,1
1476,1472,4431.0,90.0,2.0311441,4
848,846,2727.0,28.0,1.0267694,0
869,868,2219.0,70.0,3.154574,3
1059,1058,1885.0,24.0,1.2732095,5
490,488,1008.0,23.0,2.2817461,0
897,895,2068.0,21.0,1.0154738,3
832,831,2161.0,25.0,1.1568719,3
864,864,2131.0,88.0,4.1295166,3
419,418,963.0,22.0,2.2845275,0
856,855,2273.0,51.0,2.2437308,1
907,906,2502.0,48.0,1.9184653,1
791,791,2165.0,26.0,1.2009238,0
756,756,2147.0,59.0,2.7480206,2
771,769,2046.0,24.0,1.1730205,0
957,955,2848.0,46.0,1.6151686,0
1190,1189,3715.0,62.0,1.6689098,1
680,679,2114.0,30.0,1.4191107,0
524,524,1457.0,47.0,3.2258062,0
908,904,2856.0,35.0,1.2254902,0
506,505,1176.0,20.0,1.7006804,0
851,849,2530.0,41.0,1.6205535,0
775,775,1936.0,48.0,2.479339,3
793,793,1979.0,47.0,2.3749368,0
748,747,2008.0,72.0,3.5856576,0
951,951,2569.0,38.0,1.4791747,0
643,643,1730.0,58.0,3.352601,2
1277,1275,3869.0,124.0,3.2049627,4
828,827,2444.0,22.0,0.9001637,0
480,480,1223.0,34.0,2.780049,1
969,969,3415.0,65.0,1.9033674,0
1112,1109,2709.0,21.0,0.7751938,0
648,648,1647.0,33.0,2.003643,0
805,805,1704.0,36.0,2.112676,3
1223,1222,3562.0,53.0,1.4879282,4
1023,1022,2975.0,33.0,1.1092438,0
669,666,1973.0,57.0,2.8890016,2
489,489,986.0,27.0,2.7383366,1
390,390,863.0,21.0,2.433372,0
350,338,556.0,7.0,1.2589928,7
1113,1111,2872.0,90.0,3.133705,1
837,836,2388.0,45.0,1.8844221,0
1547,1546,5534.0,114.0,2.0599928,1
840,840,2495.0,11.0,0.4408818,0
581,581,1508.0,44.0,2.917772,2
748,747,2157.0,16.0,0.741771,0
1861,1852,6083.0,87.0,1.4302154,6
735,735,1727.0,38.0,2.2003474,0
488,487,1244.0,23.0,1.8488746,2
1016,1014,2845.0,75.0,2.636204,1
585,584,1443.0,41.0,2.8413029,4
797,795,1936.0,30.0,1.5495868,0
769,768,1908.0,42.0,2.201258,2
490,490,1190.0,31.0,2.605042,2
1307,1303,4056.0,112.0,2.7613413,4
895,894,2425.0,26.0,1.0721649,0
686,686,1789.0,46.0,2.571269,0
602,601,1788.0,41.0,2.2930648,0
772,771,1968.0,59.0,2.9979675,3
704,703,1523.0,57.0,3.7426133,4
892,891,1869.0,54.0,2.8892455,5
1169,1168,3055.0,68.0,2.2258592,1
1375,1374,4144.0,137.0,3.3059847,1
1189,1188,3695.0,63.0,1.7050067,4
892,890,1734.0,23.0,1.3264129,3
2455,2413,8875.0,140.0,1.5774648,7
355,354,795.0,8.0,1.0062892,0
1856,1852,7062.0,236.0,3.3418293,2
1317,1316,4076.0,84.0,2.060844,4
703,700,2011.0,61.0,3.0333166,0
825,823,2793.0,46.0,1.6469744,2
736,736,2314.0,63.0,2.7225585,0
1997,1991,7928.0,116.0,1.4631685,6
892,888,2758.0,69.0,2.501813,0
1034,1033,3052.0,73.0,2.3918743,3
545,543,1257.0,23.0,1.8297534,2
1188,1186,3619.0,57.0,1.5750207,2
659,656,1604.0,15.0,0.9351621,5
1056,1055,3065.0,61.0,1.9902121,1
819,818,2245.0,46.0,2.0489979,0
979,977,2632.0,48.0,1.8237082,0
632,632,1606.0,55.0,3.4246576,3
598,598,1227.0,32.0,2.607987,5
690,690,1687.0,36.0,2.1339657,2
310,310,602.0,0.0,0.0,1
803,803,2243.0,51.0,2.2737405,1
743,741,2143.0,19.0,0.8866075,0
560,560,1102.0,25.0,2.2686026,0
1073,1071,2772.0,84.0,3.030303,4
844,844,2432.0,50.0,2.055921,0
882,881,2603.0,59.0,2.2666154,2
841,840,2144.0,35.0,1.6324626,3
815,815,2367.0,64.0,2.7038445,0
771,768,2162.0,50.0,2.3126733,0
976,974,1954.0,21.0,1.0747185,5
986,985,2154.0,40.0,1.8570102,5
820,818,2151.0,84.0,3.9051604,4
957,956,2613.0,75.0,2.870264,1
640,639,1654.0,46.0,2.7811368,2
1012,1012,3068.0,56.0,1.8252933,0
927,926,2388.0,60.0,2.5125628,0
794,794,2535.0,48.0,1.8934911,0
753,751,1865.0,50.0,2.6809652,0
791,791,1944.0,45.0,2.3148148,3
366,365,810.0,34.0,4.1975307,0
539,539,1213.0,27.0,2.2258863,3
752,752,1764.0,43.0,2.4376416,1
769,769,2149.0,82.0,3.8157284,2
650,649,1946.0,44.0,2.2610483,2
947,946,2196.0,30.0,1.3661202,0
771,771,2254.0,53.0,2.3513753,0
824,823,2027.0,20.0,0.98667985,0
744,743,1828.0,32.0,1.750547,2
837,836,2166.0,47.0,2.1698983,0
723,721,1909.0,46.0,2.4096384,1
640,640,1541.0,23.0,1.4925373,0
923,923,2627.0,92.0,3.5020936,1
1174,1172,3301.0,80.0,2.4235082,4
1597,1589,3924.0,73.0,1.8603467,5
699,698,1584.0,54.0,3.409091,1
618,616,1600.0,40.0,2.5,2
1418,1414,5437.0,143.0,2.630127,6
820,815,2633.0,50.0,1.8989745,0
1047,1045,2974.0,46.0,1.5467384,4
981,980,2134.0,68.0,3.1865041,5
866,865,2176.0,30.0,1.3786765,0
527,526,1080.0,40.0,3.7037036,3
762,761,1967.0,32.0,1.6268429,0
717,717,2187.0,42.0,1.9204389,0
860,860,2217.0,89.0,4.014434,3
603,602,1382.0,34.0,2.4602027,1
828,828,1780.0,40.0,2.247191,5
476,475,1051.0,13.0,1.2369173,2
1071,1069,2799.0,42.0,1.500536,1
775,774,2367.0,37.0,1.5631602,0
614,613,1267.0,18.0,1.4206787,3
913,909,2580.0,54.0,2.0930233,1
836,835,2187.0,42.0,1.9204389,0
669,669,1804.0,48.0,2.660754,0
942,942,2471.0,34.0,1.3759611,0
792,792,2339.0,56.0,2.3941855,0
871,871,1980.0,27.0,1.3636364,3
1046,1043,3528.0,60.0,1.7006804,0
859,857,2048.0,63.0,3.0761719,3
793,793,2222.0,37.0,1.6651666,0
822,821,2159.0,12.0,0.5558129,0
751,750,1869.0,28.0,1.4981273,2
435,435,1009.0,20.0,1.9821604,1
1142,1141,3266.0,68.0,2.0820575,0
781,779,1822.0,30.0,1.6465422,1
718,718,1872.0,21.0,1.1217949,1
471,470,1236.0,36.0,2.9126215,0
1750,1739,5850.0,102.0,1.7435898,0
892,888,2751.0,53.0,1.9265722,0
841,839,1942.0,69.0,3.5530381,3
1156,1153,3632.0,65.0,1.7896476,4
1031,1029,3989.0,70.0,1.7548257,2
912,912,2120.0,34.0,1.6037736,3
873,872,1737.0,71.0,4.0875072,5
824,824,1656.0,34.0,2.0531402,5
1233,1231,3183.0,67.0,2.1049325,3
1312,1310,4410.0,101.0,2.2902493,2
575,574,1261.0,41.0,3.2513878,1
605,605,1658.0,38.0,2.291918,0
717,716,2296.0,52.0,2.2648084,0
1019,1018,2821.0,81.0,2.8713222,6
1215,1213,3264.0,51.0,1.5625,4
928,927,2501.0,23.0,0.91963214,0
1780,1777,5416.0,167.0,3.0834565,3
657,654,1256.0,14.0,1.1146497,5
718,718,2072.0,27.0,1.3030888,0
646,646,1655.0,72.0,4.3504534,2
808,803,1994.0,32.0,1.6048144,2
1120,1119,3623.0,105.0,2.8981507,1
750,749,1644.0,29.0,1.7639903,0
390,389,791.0,1.0,0.12642226,4
1100,1097,3108.0,73.0,2.3487773,1
456,455,1148.0,14.0,1.2195121,0
755,755,2368.0,27.0,1.1402026,0
1118,1116,3143.0,44.0,1.3999363,1
571,569,1428.0,41.0,2.8711486,2
867,867,3021.0,61.0,2.019199,0
728,726,1966.0,32.0,1.6276704,1
916,916,1879.0,32.0,1.7030336,5
491,490,980.0,25.0,2.5510204,2
960,960,3002.0,52.0,1.7321786,0
625,624,1762.0,38.0,2.1566403,0
1090,1088,3602.0,36.0,0.9994447,0
772,771,2051.0,21.0,1.0238909,3
968,966,3257.0,35.0,1.0746086,0
480,478,1426.0,59.0,4.1374474,0
810,808,2227.0,29.0,1.3022003,0
725,720,1939.0,33.0,1.7019082,1
1016,1011,2590.0,53.0,2.0463321,1
1011,1007,2995.0,89.0,2.9716194,0
1075,1075,2875.0,54.0,1.8782609,3
808,805,2190.0,28.0,1.2785388,0
672,671,1516.0,47.0,3.1002638,2
950,948,2884.0,121.0,4.1955614,1
862,862,2242.0,93.0,4.1480823,4
766,765,1894.0,65.0,3.4318902,3
963,962,2910.0,79.0,2.7147765,0
507,507,1302.0,37.0,2.8417819,2
570,569,1339.0,43.0,3.2113519,2
678,676,1972.0,47.0,2.383367,0
768,766,2058.0,59.0,2.866861,1
1037,1035,3369.0,123.0,3.650935,2
885,884,2338.0,37.0,1.5825491,0
1426,1422,5226.0,71.0,1.3585917,1
1496,1496,4469.0,159.0,3.557843,4
587,587,1566.0,30.0,1.9157088,0
879,876,2529.0,50.0,1.9770659,0
924,923,3579.0,54.0,1.5088013,0
783,782,1943.0,41.0,2.110139,3
696,695,1634.0,53.0,3.2435741,2
1057,1055,2258.0,34.0,1.5057573,5
783,782,2385.0,115.0,4.821803,0
867,867,2358.0,28.0,1.187447,2
919,917,2393.0,24.0,1.0029252,3
1251,1248,4073.0,59.0,1.4485637,1
1023,1020,2985.0,35.0,1.1725293,1
727,722,1839.0,22.0,1.1963024,2
645,642,1498.0,41.0,2.7369828,2
1217,1215,3874.0,90.0,2.3231802,4
929,929,2499.0,21.0,0.8403362,0
792,791,2199.0,60.0,2.7285128,1
994,993,2735.0,71.0,2.595978,1
1025,1022,2315.0,74.0,3.1965442,5
946,944,2432.0,55.0,2.261513,0
600,599,1624.0,34.0,2.093596,0
881,880,2620.0,24.0,0.9160305,0
975,975,2297.0,21.0,0.91423595,0
1609,1605,5149.0,113.0,2.1946008,6
758,756,2156.0,40.0,1.8552876,0
772,772,1726.0,41.0,2.3754346,0
682,681,2171.0,36.0,1.6582221,2
998,992,2581.0,102.0,3.9519567,1
979,979,2979.0,52.0,1.7455522,0
1045,1045,2780.0,38.0,1.3669065,1
706,705,1869.0,39.0,2.0866773,3
808,808,1876.0,30.0,1.5991472,4
855,854,2616.0,47.0,1.7966362,0
819,819,1983.0,44.0,2.2188604,3
1147,1146,3728.0,40.0,1.0729613,0
742,741,2195.0,32.0,1.4578587,0
914,914,2919.0,125.0,4.2822886,0
969,967,3003.0,78.0,2.5974026,0
704,704,2157.0,36.0,1.6689847,0
1398,1393,4811.0,68.0,1.4134276,4
581,581,1473.0,37.0,2.5118806,2
809,807,1677.0,28.0,1.669648,5
921,919,3137.0,84.0,2.6777177,0
805,803,2115.0,30.0,1.4184396,0
542,540,1588.0,31.0,1.9521412,0
888,887,1918.0,42.0,2.189781,5
519,519,1279.0,16.0,1.2509774,0
1092,1090,2676.0,44.0,1.6442451,0
762,762,1767.0,26.0,1.4714205,0
698,698,2103.0,34.0,1.616738,0
752,749,2266.0,37.0,1.6328331,0
771,770,2243.0,34.0,1.5158271,0
899,898,2423.0,47.0,1.9397441,0
1101,1097,3077.0,61.0,1.9824505,1
760,757,2528.0,53.0,2.096519,0
881,881,2673.0,39.0,1.4590348,0
1124,1121,3215.0,121.0,3.7636082,4
809,808,2319.0,44.0,1.8973695,0
445,445,1037.0,46.0,4.4358726,4
1703,1703,5212.0,154.0,2.95472,0
789,786,2278.0,47.0,2.0632133,0
641,638,1548.0,56.0,3.6175709,0
819,816,2258.0,37.0,1.6386184,0
890,888,2112.0,66.0,3.125,3
767,763,2566.0,41.0,1.5978177,2
806,805,1879.0,13.0,0.6918574,0
1323,1321,3842.0,113.0,2.9411764,4
942,941,2187.0,41.0,1.8747141,3
807,807,1975.0,55.0,2.7848103,0
981,977,2644.0,35.0,1.3237519,0
888,886,2506.0,60.0,2.3942537,0
726,725,1977.0,32.0,1.6186141,0
1190,1187,4142.0,46.0,1.1105746,0
826,825,1962.0,21.0,1.0703363,3
661,659,1803.0,21.0,1.1647254,2
713,713,1401.0,31.0,2.2127054,5
816,814,2696.0,75.0,2.781899,0
822,820,2150.0,81.0,3.767442,3
806,806,2264.0,18.0,0.79505306,0
864,864,2388.0,49.0,2.0519261,0
464,463,1204.0,8.0,0.66445184,0
664,663,1856.0,40.0,2.1551723,0
931,929,1955.0,30.0,1.534527,5
860,860,2746.0,36.0,1.3109978,0
674,671,1719.0,67.0,3.8976147,3
803,803,1783.0,19.0,1.0656197,3
464,464,997.0,8.0,0.8024072,0
788,788,2047.0,33.0,1.6121153,0
1068,1068,3558.0,87.0,2.445194,1
781,781,1609.0,72.0,4.474829,0
843,843,2229.0,55.0,2.4674742,2
779,779,2072.0,44.0,2.123552,1
873,872,2252.0,41.0,1.820604,3
707,706,1794.0,39.0,2.173913,1
492,492,925.0,30.0,3.2432432,2
669,667,1586.0,32.0,2.0176544,3
982,981,2730.0,57.0,2.087912,4
749,749,2033.0,30.0,1.4756517,0
789,788,2473.0,34.0,1.3748484,0
780,780,2090.0,27.0,1.2918661,2
561,561,1346.0,25.0,1.857355,1
655,655,1592.0,23.0,1.4447236,1
432,431,1154.0,27.0,2.339688,0
801,801,1928.0,32.0,1.6597512,0
945,944,2893.0,28.0,0.9678534,0
770,769,1831.0,43.0,2.3484435,5
503,503,1236.0,31.0,2.5080907,2
766,766,1892.0,28.0,1.4799154,0
776,776,2386.0,39.0,1.6345348,0
970,967,2998.0,38.0,1.2675117,0
989,986,3503.0,43.0,1.2275193,0
654,653,1603.0,30.0,1.8714911,2
762,762,1766.0,86.0,4.869762,3
882,882,2063.0,32.0,1.5511391,0
1236,1230,3555.0,99.0,2.7848103,4
1499,1498,4454.0,143.0,3.210597,4
626,625,1824.0,16.0,0.877193,0
1380,1378,3717.0,54.0,1.4527845,5
1170,1168,3303.0,55.0,1.665153,0
491,491,1011.0,32.0,3.1651828,0
833,831,1992.0,38.0,1.9076304,3
924,924,2820.0,42.0,1.4893618,0
581,581,1746.0,34.0,1.9473082,0
842,842,2095.0,33.0,1.575179,0
596,595,1546.0,36.0,2.32859,0
811,811,2231.0,17.0,0.76199013,0
542,540,1190.0,11.0,0.9243698,1
1572,1569,5201.0,173.0,3.3262835,4
758,754,2421.0,45.0,1.858736,0
854,851,2126.0,76.0,3.574788,3
274,273,663.0,5.0,0.7541478,7
1413,1412,4696.0,145.0,3.0877342,4
872,872,2858.0,27.0,0.9447166,0
559,558,1308.0,30.0,2.293578,0
907,907,2772.0,34.0,1.2265513,1
951,948,3021.0,82.0,2.714333,0
1175,1174,3623.0,59.0,1.6284847,1
946,946,2087.0,12.0,0.574988,0
905,904,2862.0,84.0,2.9350107,0
737,737,1632.0,40.0,2.4509804,1
604,603,1278.0,36.0,2.8169014,3
843,841,2877.0,56.0,1.946472,0
606,606,1395.0,34.0,2.4372761,0
1079,1078,2519.0,29.0,1.1512505,3
668,666,2090.0,37.0,1.7703348,0
785,783,1940.0,65.0,3.3505154,5
726,726,2050.0,11.0,0.5365854,0
978,978,2500.0,46.0,1.84,2
941,940,2917.0,107.0,3.668152,0
994,994,2231.0,68.0,3.0479605,1
655,653,1670.0,48.0,2.8742514,0
1013,1010,3129.0,73.0,2.3330138,0
987,986,2775.0,40.0,1.4414415,0
591,591,1638.0,50.0,3.052503,0
1041,1039,2947.0,18.0,0.6107906,0
625,623,1560.0,26.0,1.6666667,2
582,581,1354.0,33.0,2.4372232,4
814,813,2337.0,81.0,3.4659822,0
570,569,1385.0,27.0,1.9494586,2
775,775,2348.0,13.0,0.5536627,0
822,819,2212.0,27.0,1.2206148,0
715,714,1842.0,47.0,2.5515745,1
738,735,2145.0,36.0,1.6783217,0
956,953,2893.0,60.0,2.0739717,1
1178,1173,4132.0,100.0,2.4201355,6
743,742,1579.0,53.0,3.3565547,5
1861,1859,6580.0,151.0,2.294833,6
841,841,2213.0,42.0,1.8978761,1
944,943,2693.0,60.0,2.2279985,0
783,783,2129.0,46.0,2.1606388,1
643,638,1748.0,47.0,2.6887872,0
924,922,2759.0,56.0,2.0297208,0
936,934,3676.0,51.0,1.3873775,0
431,431,877.0,36.0,4.1049027,1
490,490,1042.0,23.0,2.2072937,1
532,529,1215.0,38.0,3.127572,2
524,522,1472.0,32.0,2.173913,2
620,618,1468.0,51.0,3.4741144,1
749,748,2010.0,91.0,4.5273633,1
1334,1331,4471.0,97.0,2.169537,4
834,833,1618.0,35.0,2.1631644,5
790,786,2179.0,40.0,1.8357044,3
702,701,2122.0,57.0,2.686145,0
892,889,2746.0,55.0,2.0029132,2
693,692,2094.0,56.0,2.6743076,0
784,780,2444.0,26.0,1.0638298,0
944,937,2997.0,34.0,1.1344677,1
471,470,1068.0,19.0,1.7790262,1
839,838,2272.0,42.0,1.8485914,0
529,529,1163.0,34.0,2.9234738,0
729,728,1974.0,42.0,2.1276596,0
1084,1083,3553.0,78.0,2.195328,1
802,800,2171.0,36.0,1.6582221,0
886,884,2203.0,47.0,2.1334543,1
815,815,2055.0,16.0,0.7785888,3
856,852,2658.0,30.0,1.1286682,0
746,744,2182.0,35.0,1.6040331,0
1318,1317,4272.0,80.0,1.8726591,4
545,542,2027.0,61.0,3.0093734,0
696,696,1870.0,31.0,1.657754,0
872,872,2505.0,41.0,1.6367266,0
1154,1150,3930.0,52.0,1.3231552,0
467,466,1061.0,31.0,2.921772,1
725,725,1910.0,39.0,2.041885,1
1027,1026,3508.0,76.0,2.1664767,0
479,479,1090.0,15.0,1.3761468,0
728,727,2020.0,35.0,1.7326733,0
926,925,2561.0,80.0,3.1237798,1
1282,1280,4209.0,96.0,2.2808268,4
907,907,2638.0,22.0,0.83396506,0
833,832,2311.0,63.0,2.7260926,0
1024,1023,2504.0,75.0,2.9952078,3
838,837,2571.0,49.0,1.9058732,3
900,899,2559.0,54.0,2.1101992,0
737,733,1788.0,39.0,2.1812081,2
367,366,736.0,5.0,0.6793478,7
459,457,848.0,29.0,3.4198112,3
1030,1029,3164.0,74.0,2.3388116,2
1279,1277,3754.0,47.0,1.251998,4
756,753,2125.0,27.0,1.2705882,0
662,660,1622.0,41.0,2.5277436,1
1323,1321,3914.0,93.0,2.376086,4
1003,1002,1995.0,39.0,1.9548873,5
359,358,775.0,22.0,2.8387098,2
770,770,2155.0,39.0,1.8097447,2
813,813,2341.0,49.0,2.0931225,2
634,634,1776.0,65.0,3.65991,2
924,922,2062.0,35.0,1.6973813,3
1184,1181,3305.0,37.0,1.1195159,1
901,901,2867.0,105.0,3.662365,0
816,815,1972.0,33.0,1.6734279,3
1421,1418,4337.0,111.0,2.559373,4
771,770,2108.0,31.0,1.4705882,2
706,706,1687.0,48.0,2.8452876,3
953,952,2874.0,58.0,2.0180933,0
348,348,756.0,13.0,1.7195767,2
716,715,1841.0,61.0,3.3134167,1
870,869,2731.0,40.0,1.4646649,0
715,715,1779.0,46.0,2.5857222,2
550,550,1199.0,11.0,0.9174312,0
689,689,1885.0,32.0,1.6976128,0
947,947,2901.0,84.0,2.895553,0
1157,1155,3402.0,76.0,2.23398,1
690,689,1764.0,58.0,3.2879817,1
383,383,737.0,14.0,1.899593,1
374,373,753.0,13.0,1.7264277,1
882,878,2450.0,18.0,0.7346939,0
697,696,1914.0,43.0,2.246604,2
246,246,609.0,0.0,0.0,0
833,830,2135.0,45.0,2.1077282,1
1006,1004,2418.0,50.0,2.0678246,1
1181,1178,3474.0,60.0,1.7271158,1
974,973,2770.0,73.0,2.635379,3
856,855,2309.0,37.0,1.6024252,0
978,976,2711.0,38.0,1.4016968,0
1551,1550,5197.0,94.0,1.8087357,4
965,964,2910.0,38.0,1.3058419,0
907,907,2702.0,28.0,1.0362694,0
565,565,1399.0,44.0,3.1451035,4
417,415,875.0,13.0,1.4857143,0
907,905,2364.0,24.0,1.0152284,3
927,923,1911.0,67.0,3.506018,5
966,966,3205.0,36.0,1.123245,3
658,657,1972.0,44.0,2.2312374,0
727,724,1474.0,27.0,1.8317504,3
743,743,2047.0,77.0,3.7616022,2
381,381,859.0,21.0,2.444703,2
385,384,712.0,14.0,1.9662923,2
905,904,1799.0,27.0,1.5008337,5
645,645,1881.0,22.0,1.1695907,2
1167,1167,3623.0,131.0,3.615788,4
936,935,2879.0,21.0,0.72941995,0
724,722,2348.0,26.0,1.1073254,0
618,618,1575.0,53.0,3.3650794,2
1038,1034,3383.0,65.0,1.9213716,0
853,852,2598.0,31.0,1.1932256,0
808,807,1522.0,16.0,1.0512483,5
1403,1399,4921.0,78.0,1.5850438,0
762,760,2341.0,49.0,2.0931225,0
741,740,2188.0,27.0,1.2340037,0
687,687,1768.0,30.0,1.6968327,0
932,929,1974.0,54.0,2.7355623,5
1096,1095,2991.0,81.0,2.7081244,1
601,600,1380.0,44.0,3.188406,2
652,650,1477.0,25.0,1.6926202,0
895,893,2622.0,35.0,1.3348589,2
682,681,1919.0,38.0,1.980198,0
1553,1551,4854.0,94.0,1.936547,1
604,603,1395.0,29.0,2.078853,2
823,820,2330.0,73.0,3.1330473,0
803,803,2167.0,43.0,1.9843102,0
646,646,1323.0,38.0,2.87226,1
917,914,2460.0,67.0,2.7235773,1
942,940,2996.0,100.0,3.3377838,1
850,846,2539.0,39.0,1.5360378,0
795,794,2229.0,30.0,1.345895,2
771,769,2542.0,67.0,2.6357198,0
949,948,2481.0,73.0,2.9423618,0
516,515,1082.0,25.0,2.3105361,3
664,662,1680.0,27.0,1.6071429,2
1001,999,3092.0,47.0,1.5200517,0
637,637,1025.0,28.0,2.7317073,5
619,617,1346.0,38.0,2.8231797,2
907,907,1873.0,31.0,1.6550988,5
961,960,2243.0,20.0,0.89166296,0
812,812,2458.0,38.0,1.5459723,0
793,791,2155.0,38.0,1.7633411,0
1043,1040,2956.0,40.0,1.3531799,0
1343,1342,3960.0,140.0,3.5353534,6
1326,1323,4766.0,125.0,2.6227446,3
981,978,2704.0,66.0,2.4408286,1
675,672,2075.0,51.0,2.4578311,0
937,936,2213.0,9.0,0.40668777,0
631,630,1535.0,40.0,2.605863,1
1026,1023,2520.0,41.0,1.6269842,3
1135,1134,3557.0,70.0,1.9679506,1
499,498,1015.0,35.0,3.4482758,0
948,948,2364.0,44.0,1.8612521,0
801,800,1917.0,38.0,1.982264,1
848,847,2456.0,70.0,2.8501627,0
741,739,2014.0,29.0,1.4399205,3
604,604,1291.0,53.0,4.105345,5
864,863,2025.0,25.0,1.2345679,3
1076,1074,3364.0,59.0,1.7538644,0
1106,1104,3534.0,55.0,1.5563102,1
1111,1109,3447.0,34.0,0.98636496,4
624,623,2060.0,30.0,1.4563107,0
1008,1006,2732.0,25.0,0.9150805,0
908,907,3044.0,66.0,2.1681998,0
815,814,1973.0,42.0,2.128738,0
346,345,916.0,27.0,2.9475982,7
1062,1061,2894.0,92.0,3.178991,1
803,800,1895.0,44.0,2.3218997,5
749,749,1771.0,26.0,1.4680971,0
779,778,2063.0,38.0,1.8419776,1
1027,1024,2614.0,63.0,2.4100995,4
1032,1032,2999.0,60.0,2.0006669,1
1040,1038,3250.0,23.0,0.7076923,0
654,653,1721.0,35.0,2.0337014,0
631,630,1529.0,40.0,2.616089,0
755,755,2344.0,58.0,2.474403,0
854,850,2789.0,39.0,1.3983507,0
850,850,2290.0,36.0,1.5720524,0
798,796,2246.0,51.0,2.2707033,0
864,860,3061.0,66.0,2.1561582,0
1078,1078,2965.0,51.0,1.7200675,4
690,690,1621.0,42.0,2.5909932,1
864,862,2391.0,21.0,0.87829363,0
1523,1519,4888.0,108.0,2.2094927,4
838,836,2437.0,46.0,1.8875666,2
966,966,2507.0,57.0,2.273634,2
389,389,752.0,10.0,1.3297873,2
1654,1647,5496.0,127.0,2.3107715,6
808,808,2589.0,72.0,2.7809966,0
885,885,2317.0,44.0,1.8990073,0
1665,1662,5677.0,162.0,2.8536198,4
920,918,2433.0,26.0,1.0686395,0
855,853,2447.0,111.0,4.5361667,0
807,806,1907.0,57.0,2.988988,0
859,859,2244.0,47.0,2.094474,5
1276,1273,4148.0,119.0,2.8688524,4
987,985,2439.0,33.0,1.3530135,0
1079,1079,3223.0,66.0,2.0477817,4
678,677,1973.0,27.0,1.3684744,0
626,626,1525.0,64.0,4.196721,1
831,830,2392.0,32.0,1.3377926,0
829,826,2344.0,42.0,1.791809,2
1009,1007,2136.0,30.0,1.4044944,3
547,547,1234.0,39.0,3.160454,0
893,891,2484.0,59.0,2.3752012,1
722,722,2407.0,57.0,2.368093,0
656,656,1988.0,39.0,1.9617707,0
415,414,845.0,33.0,3.9053254,1
773,770,2234.0,56.0,2.5067146,0
1262,1262,4328.0,111.0,2.564695,0
1218,1218,3776.0,109.0,2.8866525,1
365,364,738.0,14.0,1.8970189,1
661,660,1990.0,71.0,3.5678391,0
805,805,2299.0,55.0,2.3923445,0
1409,1407,4517.0,93.0,2.0588887,4
1094,1091,2996.0,88.0,2.9372497,1
779,779,1667.0,21.0,1.2597481,3
898,898,2365.0,52.0,2.1987314,1
830,828,2019.0,73.0,3.6156514,3
1242,1241,3487.0,83.0,2.3802695,1
864,862,2798.0,36.0,1.2866333,0
576,576,1669.0,32.0,1.9173158,2
901,900,2611.0,47.0,1.8000767,2
1274,1272,3771.0,108.0,2.863962,4
852,851,1959.0,17.0,0.8677897,3
1006,1002,3129.0,74.0,2.3649728,0
719,719,1688.0,59.0,3.4952607,3
763,760,1893.0,33.0,1.7432647,0
683,679,1864.0,61.0,3.2725322,2
957,957,2040.0,39.0,1.9117647,5
831,831,2294.0,109.0,4.751526,2
724,723,1723.0,58.0,3.366222,1
354,354,829.0,29.0,3.4981906,1
763,760,2252.0,70.0,3.1083481,1
910,910,2766.0,75.0,2.7114966,0
749,749,1878.0,34.0,1.8104367,3
626,625,1690.0,55.0,3.254438,0
870,869,3036.0,39.0,1.284585,0
795,794,2629.0,30.0,1.1411183,0
1078,1078,2744.0,53.0,1.9314868,5
736,736,1845.0,56.0,3.0352304,3
835,834,2478.0,39.0,1.5738498,0
402,402,1032.0,18.0,1.7441862,0
1203,1200,3340.0,77.0,2.3053892,1
699,699,1684.0,63.0,3.7410927,4
755,753,2403.0,69.0,2.8714108,0
697,696,1546.0,30.0,1.9404916,0
1229,1227,3851.0,98.0,2.5447936,3
637,637,1594.0,16.0,1.0037642,0
666,666,1875.0,89.0,4.7466664,0
846,844,2017.0,61.0,3.0242934,0
1036,1035,2837.0,110.0,3.877335,0
1027,1026,3229.0,64.0,1.9820378,0
831,829,2088.0,32.0,1.532567,1
999,997,2829.0,72.0,2.545069,3
942,940,2292.0,67.0,2.923211,4
891,889,2553.0,37.0,1.4492754,0
1007,1006,3015.0,83.0,2.7529023,1
712,710,1852.0,29.0,1.5658747,3
990,989,2961.0,37.0,1.2495779,0
725,722,2450.0,60.0,2.4489796,0
745,745,2259.0,47.0,2.0805666,0
921,917,2217.0,32.0,1.4433919,5
333,333,561.0,25.0,4.456328,0
1042,1042,2879.0,32.0,1.111497,3
895,894,2587.0,53.0,2.048705,3
873,873,3096.0,56.0,1.8087854,0
1612,1610,4295.0,176.0,4.097788,3
724,724,1792.0,89.0,4.966518,3
929,928,2328.0,84.0,3.6082473,3
601,600,1656.0,41.0,2.4758453,2
862,861,2714.0,57.0,2.1002212,0
908,908,2229.0,41.0,1.8393898,3
658,657,1694.0,37.0,2.1841793,0
775,775,1929.0,41.0,2.1254535,3
724,723,1806.0,24.0,1.3289037,2
753,753,2118.0,56.0,2.6440036,0
741,740,2110.0,36.0,1.7061611,2
690,690,1766.0,38.0,2.1517553,2
379,378,683.0,22.0,3.2210834,0
608,607,1447.0,34.0,2.349689,2
927,924,2966.0,67.0,2.2589347,0
777,777,2340.0,37.0,1.5811967,0
969,967,2651.0,18.0,0.67898905,0
827,826,1789.0,22.0,1.2297373,3
709,709,1595.0,39.0,2.445141,3
385,385,897.0,9.0,1.0033444,0
690,689,1604.0,29.0,1.8079801,2
769,767,2278.0,26.0,1.141352,0
554,554,1219.0,25.0,2.0508614,2
892,889,2567.0,37.0,1.4413712,2
761,760,1839.0,51.0,2.7732463,3
367,366,726.0,28.0,3.8567495,1
731,729,1915.0,47.0,2.454308,0
1103,1102,3138.0,73.0,2.3263226,4
944,943,3107.0,58.0,1.8667525,0
832,831,2252.0,109.0,4.8401423,0
675,674,1521.0,41.0,2.695595,2
652,651,1551.0,34.0,2.1921341,3
418,418,802.0,12.0,1.4962593,3
727,723,2252.0,40.0,1.7761989,0
745,745,2327.0,30.0,1.2892135,0
872,870,2517.0,48.0,1.9070321,0
1336,1334,4164.0,124.0,2.9779058,4
863,862,2291.0,112.0,4.888695,0
934,934,2716.0,59.0,2.1723123,0
844,843,2711.0,55.0,2.0287716,0
721,720,2191.0,96.0,4.381561,2
432,431,920.0,32.0,3.4782608,3
782,782,2546.0,25.0,0.9819324,0
1006,1004,2045.0,54.0,2.6405866,5
834,833,2563.0,38.0,1.4826375,0
840,838,1696.0,31.0,1.8278303,5
840,838,2288.0,36.0,1.5734266,0
819,817,2372.0,63.0,2.6559865,1
699,698,1910.0,22.0,1.1518325,0
489,486,1075.0,26.0,2.4186046,1
665,663,1806.0,43.0,2.3809524,0
576,576,1447.0,34.0,2.349689,0
1291,1289,3870.0,113.0,2.9198966,1
1102,1101,3217.0,102.0,3.170656,1
826,824,2155.0,88.0,4.0835266,3
880,879,2801.0,25.0,0.89253837,0
738,737,1841.0,48.0,2.6072788,1
904,900,2658.0,26.0,0.9781791,3
686,685,1884.0,44.0,2.3354564,0
874,870,2125.0,55.0,2.5882351,5
887,886,2928.0,76.0,2.5956285,0
873,872,2531.0,98.0,3.8719873,0
560,557,1260.0,53.0,4.2063494,1
766,766,1959.0,22.0,1.123022,0
710,710,1570.0,18.0,1.1464968,3
1135,1134,3301.0,75.0,2.2720387,1
1054,1047,2163.0,40.0,1.8492835,5
805,805,2077.0,50.0,2.407318,3
724,724,1752.0,28.0,1.5981736,1
973,972,2693.0,57.0,2.1165986,0
1201,1201,3917.0,43.0,1.0977789,3
575,574,1193.0,33.0,2.7661357,0
838,837,2443.0,31.0,1.2689316,4
865,863,2344.0,57.0,2.4317405,2
546,545,1317.0,37.0,2.8094153,2
811,810,2240.0,51.0,2.2767856,0
884,884,2293.0,28.0,1.2211077,0
886,885,2471.0,52.0,2.1044111,4
791,787,2131.0,29.0,1.3608634,0
1026,1025,2709.0,50.0,1.8456995,3
2000,1996,8011.0,216.0,2.6962926,2
644,643,1529.0,19.0,1.2426423,2
763,763,1549.0,47.0,3.0342157,3
969,968,3338.0,88.0,2.6363091,0
800,800,2269.0,39.0,1.7188189,2
359,357,1013.0,32.0,3.158934,0
624,623,2049.0,30.0,1.4641289,0
993,992,2855.0,80.0,2.8021016,2
800,797,2189.0,34.0,1.5532206,0
1167,1165,3686.0,59.0,1.600651,1
833,830,2442.0,44.0,1.8018018,0
1871,1868,5343.0,70.0,1.3101254,5
616,616,1940.0,39.0,2.0103092,0
822,822,2351.0,79.0,3.3602722,1
647,647,2063.0,56.0,2.7144935,0
1000,999,3061.0,33.0,1.0780791,0
618,616,1776.0,31.0,1.7454956,0
734,733,2430.0,17.0,0.6995885,0
618,618,1618.0,16.0,0.98887515,1
1938,1934,7167.0,169.0,2.3580298,0
861,856,2908.0,53.0,1.8225584,0
945,942,2710.0,99.0,3.6531367,0
1032,1028,2925.0,48.0,1.6410255,6
723,723,1871.0,46.0,2.4585783,2
984,983,3377.0,64.0,1.8951733,0
994,993,3672.0,27.0,0.7352941,0
771,770,1527.0,39.0,2.5540276,5
738,737,1500.0,28.0,1.8666666,5
1583,1582,5281.0,128.0,2.4237833,4
1113,1112,3138.0,93.0,2.9636712,1
614,614,1400.0,58.0,4.142857,1
1146,1144,3300.0,54.0,1.6363635,1
615,615,1486.0,48.0,3.230148,2
848,847,2455.0,39.0,1.5885947,0
983,983,2801.0,55.0,1.9635845,0
677,676,1961.0,22.0,1.1218766,2
972,970,3314.0,36.0,1.0863005,0
791,789,2499.0,57.0,2.2809124,0
827,827,2009.0,53.0,2.6381283,2
804,803,1857.0,45.0,2.4232633,4
395,394,747.0,28.0,3.7483268,2
843,841,1758.0,61.0,3.469852,5
493,493,1155.0,5.0,0.43290043,0
741,740,2420.0,91.0,3.7603307,0
941,941,2396.0,61.0,2.54591,0
1659,1659,5344.0,128.0,2.3952098,4
742,741,2055.0,58.0,2.8223844,1
1517,1515,4790.0,86.0,1.795407,4
559,558,1346.0,34.0,2.526003,1
937,934,2836.0,64.0,2.2566996,0
740,738,1617.0,32.0,1.9789735,3
781,779,2186.0,42.0,1.9213176,3
819,818,2258.0,40.0,1.7714791,0
813,813,2193.0,46.0,2.0975833,1
578,578,1480.0,59.0,3.9864864,2
1022,1019,2357.0,82.0,3.4789987,5
1191,1186,3899.0,59.0,1.5132085,0
824,823,2439.0,46.0,1.8860189,0
1146,1145,3496.0,129.0,3.6899314,1
757,755,1913.0,54.0,2.8227913,1
638,637,1396.0,44.0,3.1518624,0
830,827,2230.0,50.0,2.2421525,0
713,712,1856.0,30.0,1.6163793,2
609,608,1616.0,47.0,2.9084158,0
1271,1267,4198.0,125.0,2.9776084,4
680,680,2170.0,32.0,1.4746544,0
769,767,1790.0,52.0,2.9050279,3
1119,1118,2656.0,29.0,1.0918674,5
731,728,1685.0,49.0,2.908012,3
804,803,1728.0,24.0,1.388889,3
781,779,2454.0,42.0,1.7114915,2
916,914,2634.0,61.0,2.3158693,0
735,733,2442.0,92.0,3.7674036,0
835,834,2460.0,40.0,1.6260161,2
1257,1253,3438.0,90.0,2.617801,1
472,472,1051.0,22.0,2.0932446,1
879,878,2139.0,16.0,0.7480131,3
851,848,2605.0,48.0,1.8426104,1
1023,1020,3211.0,61.0,1.8997198,1
661,659,1740.0,29.0,1.6666667,0
1008,1008,3230.0,41.0,1.2693498,0
748,744,2329.0,30.0,1.2881064,0
845,843,1765.0,41.0,2.322946,3
393,391,838.0,6.0,0.7159905,2
675,670,1713.0,17.0,0.992411,0
843,837,2093.0,41.0,1.9589106,0
876,875,3005.0,74.0,2.4625623,0
939,938,2711.0,47.0,1.7336776,0
932,932,2671.0,28.0,1.0482965,1
760,760,2186.0,42.0,1.9213176,0
735,732,2494.0,37.0,1.4835606,0
1561,1558,4779.0,131.0,2.7411592,4
752,750,2048.0,24.0,1.171875,0
940,940,2158.0,37.0,1.7145505,3
705,705,1953.0,36.0,1.843318,1
405,404,865.0,37.0,4.2774568,1
690,689,2305.0,62.0,2.6898048,0
1071,1070,3465.0,126.0,3.6363635,1
544,544,1200.0,14.0,1.1666666,2
927,927,2588.0,36.0,1.3910356,0
817,816,2790.0,33.0,1.1827956,0
388,387,794.0,19.0,2.3929472,1
560,559,1459.0,30.0,2.056203,3
1322,1320,4088.0,99.0,2.4217222,4
640,640,1572.0,35.0,2.226463,1
886,886,2454.0,51.0,2.0782397,1
1075,1074,3217.0,36.0,1.119055,0
689,689,1758.0,28.0,1.592719,0
524,524,1099.0,21.0,1.9108281,2
606,604,1367.0,40.0,2.9261155,2
802,800,1803.0,31.0,1.7193567,1
868,865,2846.0,53.0,1.8622627,0
939,938,3250.0,120.0,3.6923077,1
753,752,1761.0,23.0,1.306076,2
770,770,2152.0,25.0,1.16171,0
1105,1104,3399.0,51.0,1.5004413,0
841,841,2562.0,55.0,2.1467605,0
786,785,2456.0,90.0,3.664495,0
445,444,929.0,24.0,2.5834231,3
703,703,1806.0,23.0,1.2735326,2
593,593,1314.0,41.0,3.1202435,1
875,874,2206.0,37.0,1.677244,0
901,901,2559.0,56.0,2.188355,4
927,924,2863.0,47.0,1.6416347,2
798,797,2200.0,31.0,1.4090909,0
1221,1218,3439.0,71.0,2.0645537,1
415,415,853.0,14.0,1.6412661,1
1381,1378,4754.0,93.0,1.9562473,1
949,946,2556.0,39.0,1.5258217,2
1322,1320,4410.0,115.0,2.6077096,4
1169,1169,3416.0,64.0,1.8735362,1
745,744,1756.0,45.0,2.5626423,0
727,726,1924.0,32.0,1.6632017,2
799,797,2271.0,73.0,3.2144432,0
490,490,1019.0,17.0,1.6683023,1
767,767,1865.0,25.0,1.3404826,1
943,943,2448.0,52.0,2.1241832,0
808,808,2070.0,36.0,1.7391304,2
926,925,2925.0,51.0,1.7435898,0
664,660,2020.0,33.0,1.6336633,0
569,566,1530.0,30.0,1.9607844,2
843,843,2914.0,51.0,1.7501715,0
727,727,1846.0,35.0,1.8959913,2
1222,1220,3559.0,90.0,2.5288002,1
457,457,973.0,18.0,1.8499486,3
1515,1512,5144.0,132.0,2.5660963,4
1138,1136,3324.0,56.0,1.6847173,0
1174,1170,3182.0,68.0,2.1370208,1
525,524,1455.0,28.0,1.9243985,0
878,876,2370.0,41.0,1.7299578,3
525,523,1636.0,41.0,2.5061126,0
999,999,2958.0,61.0,2.0622041,1
778,777,2108.0,72.0,3.4155595,1
772,772,1965.0,39.0,1.9847327,3
819,816,1997.0,50.0,2.5037556,2
1015,1015,2523.0,61.0,2.4177566,1
939,939,2854.0,62.0,2.1723895,1
856,855,2495.0,60.0,2.4048095,0
715,714,1744.0,27.0,1.5481652,0
793,793,2007.0,26.0,1.2954658,2
837,837,2076.0,61.0,2.938343,3
1193,1193,3297.0,72.0,2.1838036,1
764,763,2041.0,80.0,3.9196472,0
834,832,2351.0,22.0,0.93577194,0
677,674,2053.0,36.0,1.7535315,0
625,623,1514.0,56.0,3.698811,1
420,420,796.0,20.0,2.5125628,3
837,834,2517.0,32.0,1.2713548,0
874,874,2882.0,50.0,1.7349062,0
679,679,1893.0,30.0,1.5847859,0
811,810,2343.0,39.0,1.6645327,2
546,545,1387.0,20.0,1.441961,2
787,785,2560.0,60.0,2.34375,0
587,586,1505.0,36.0,2.3920267,4
821,819,2661.0,33.0,1.2401353,0
669,669,1721.0,36.0,2.0918071,4
813,813,1644.0,32.0,1.946472,5
780,780,2060.0,45.0,2.1844661,1
649,647,1617.0,42.0,2.5974026,0
924,923,3183.0,63.0,1.9792649,0
1322,1322,4464.0,101.0,2.2625449,1
701,699,2174.0,33.0,1.5179393,0
792,791,2127.0,69.0,3.2440054,3
817,816,2542.0,35.0,1.3768686,0
667,666,1618.0,63.0,3.8936958,2
804,801,2093.0,48.0,2.2933588,1
593,592,1353.0,19.0,1.4042867,0
740,739,1852.0,37.0,1.9978402,2
1243,1241,3832.0,145.0,3.7839248,4
859,859,2168.0,30.0,1.3837638,0
685,683,1418.0,40.0,2.8208745,2
596,595,1656.0,34.0,2.0531402,1
1193,1191,3505.0,77.0,2.1968615,1
859,857,2320.0,58.0,2.5,4
775,774,2210.0,32.0,1.4479638,0
947,945,2442.0,68.0,2.7846026,3
689,687,1735.0,49.0,2.8242075,0
907,903,2154.0,26.0,1.2070566,3
734,731,1834.0,36.0,1.9629226,2
621,618,1562.0,39.0,2.496799,2
336,336,581.0,19.0,3.2702236,1
922,922,2512.0,48.0,1.9108281,0
802,801,2870.0,46.0,1.6027875,0
812,810,2096.0,27.0,1.288168,2
941,940,1933.0,39.0,2.0175893,5
943,942,1849.0,55.0,2.9745808,5
868,867,2727.0,55.0,2.0168684,0
947,945,2696.0,64.0,2.3738873,0
767,767,1977.0,18.0,0.9104704,0
701,700,2042.0,48.0,2.3506365,0
692,691,1953.0,44.0,2.2529442,0
423,422,1056.0,14.0,1.3257576,0
775,774,2159.0,50.0,2.315887,0
500,500,1093.0,34.0,3.1107047,0
1100,1099,3130.0,47.0,1.5015974,3
812,808,2011.0,32.0,1.591248,1
728,727,1912.0,51.0,2.6673641,3
616,616,1842.0,52.0,2.8230186,0
928,925,2548.0,38.0,1.4913658,1
835,834,1942.0,29.0,1.4933059,3
454,454,1042.0,28.0,2.6871402,3
812,812,2385.0,74.0,3.1027253,0
769,767,2445.0,80.0,3.2719836,0
1058,1053,3298.0,69.0,2.0921772,0
914,913,3359.0,48.0,1.4289968,0
628,627,1529.0,56.0,3.6625245,1
649,648,1530.0,35.0,2.2875817,2
452,449,1066.0,36.0,3.3771105,0
754,752,1973.0,37.0,1.8753167,3
1327,1325,4175.0,121.0,2.8982036,1
776,776,1827.0,35.0,1.9157088,3
670,668,1371.0,27.0,1.9693654,5
1017,1014,2937.0,65.0,2.2131426,1
599,598,1662.0,35.0,2.1058965,2
431,430,904.0,26.0,2.8761063,0
967,963,2741.0,92.0,3.3564394,4
1077,1073,3042.0,55.0,1.8080211,1
2033,2023,6722.0,149.0,2.216602,3
731,728,2020.0,29.0,1.4356436,2
533,532,1221.0,45.0,3.6855037,4
926,926,2090.0,16.0,0.76555026,0
725,724,1829.0,55.0,3.0071077,1
559,559,1299.0,30.0,2.3094687,0
870,869,2198.0,48.0,2.1838036,3
964,962,2721.0,55.0,2.0213156,0
1341,1338,5139.0,59.0,1.1480832,0
1981,1974,6908.0,68.0,0.98436594,6
1103,1102,3230.0,72.0,2.2291021,3
326,326,591.0,12.0,2.0304568,2
428,427,1011.0,47.0,4.6488624,0
808,806,2310.0,35.0,1.5151515,0
821,820,2321.0,46.0,1.9819044,0
554,554,1171.0,29.0,2.4765158,2
596,594,1930.0,62.0,3.2124352,0
680,680,1864.0,23.0,1.2339056,0
1034,1030,3375.0,35.0,1.037037,0
849,849,2816.0,51.0,1.8110795,0
566,563,1281.0,26.0,2.0296643,2
879,879,2071.0,49.0,2.3660069,0
1091,1089,3084.0,54.0,1.7509726,1
823,822,2212.0,75.0,3.3905969,3
447,447,1067.0,20.0,1.8744143,0
1688,1687,5162.0,114.0,2.2084463,4
868,865,2751.0,82.0,2.980734,0
1254,1252,4314.0,127.0,2.9439037,4
942,938,2276.0,64.0,2.811951,0
462,461,954.0,11.0,1.1530398,1
1055,1053,3446.0,53.0,1.538015,0
852,852,2763.0,61.0,2.2077453,0
738,737,1792.0,32.0,1.7857144,0
804,803,2287.0,38.0,1.6615653,0
775,772,2021.0,93.0,4.601682,2
726,723,1684.0,32.0,1.9002376,2
993,993,2047.0,33.0,1.6121153,5
1462,1455,4597.0,84.0,1.8272787,6
1007,1006,3489.0,55.0,1.5763829,0
798,798,2246.0,73.0,3.2502227,0
1036,1033,3171.0,100.0,3.1535792,2
786,785,1968.0,33.0,1.6768293,0
948,945,2553.0,34.0,1.3317665,1
743,742,2109.0,55.0,2.607871,1
761,761,2394.0,56.0,2.3391814,2
838,833,2261.0,29.0,1.2826183,0
1040,1040,2703.0,15.0,0.5549389,0
859,858,2771.0,58.0,2.0931072,0
867,867,2620.0,53.0,2.0229008,0
1188,1186,3806.0,107.0,2.8113506,1
846,845,2460.0,25.0,1.0162601,0
687,686,1925.0,16.0,0.8311688,0
672,670,1366.0,43.0,3.147877,3
629,628,1468.0,33.0,2.2479563,1
725,724,1896.0,43.0,2.2679324,0
660,660,1544.0,11.0,0.71243525,0
809,808,1834.0,24.0,1.3086151,3
469,469,985.0,26.0,2.6395938,0
600,599,1658.0,33.0,1.9903498,2
812,808,1999.0,44.0,2.2011006,0
856,854,1873.0,34.0,1.8152697,3
397,397,848.0,41.0,4.8349056,0
786,784,2834.0,34.0,1.1997178,0
895,892,2575.0,26.0,1.0097088,1
882,878,2428.0,32.0,1.3179572,0
449,449,959.0,23.0,2.3983316,1
890,889,2270.0,83.0,3.6563878,3
823,823,2437.0,74.0,3.0365202,0
1051,1049,2837.0,99.0,3.4896016,4
823,823,1982.0,46.0,2.320888,0
1055,1053,3310.0,66.0,1.9939578,1
741,740,2076.0,50.0,2.4084778,0
999,997,2408.0,56.0,2.3255813,3
1241,1240,3764.0,79.0,2.098831,1
790,788,1587.0,14.0,0.88216764,5
878,878,2498.0,39.0,1.5612489,0
778,778,1729.0,35.0,2.0242915,5
1066,1063,4275.0,107.0,2.502924,0
815,814,2012.0,68.0,3.3797216,3
465,463,1030.0,48.0,4.660194,4
1079,1078,2864.0,59.0,2.060056,5
743,742,2196.0,36.0,1.6393442,0
1098,1095,3142.0,43.0,1.3685551,3
807,805,2138.0,39.0,1.8241348,0
1120,1119,3247.0,43.0,1.3242993,0
1025,1022,3413.0,53.0,1.552886,0
805,804,2084.0,36.0,1.7274473,0
676,674,2157.0,32.0,1.483542,0
828,828,2382.0,53.0,2.225021,0
763,763,2132.0,42.0,1.9699812,0
997,996,2472.0,62.0,2.5080907,5
852,851,2310.0,47.0,2.0346322,1
866,866,2242.0,27.0,1.2042818,0
1118,1116,3497.0,144.0,4.117815,1
508,505,1111.0,27.0,2.430243,1
928,927,2815.0,44.0,1.563055,0
958,956,2748.0,53.0,1.9286754,0
932,931,2162.0,43.0,1.9888991,3
892,892,2746.0,36.0,1.3109978,0
905,903,2188.0,36.0,1.6453382,3
494,494,909.0,17.0,1.870187,0
710,708,1747.0,56.0,3.2054949,0
1068,1064,3067.0,47.0,1.5324421,1
795,794,2027.0,44.0,2.1706955,0
787,783,1650.0,24.0,1.4545455,5
951,950,2074.0,37.0,1.7839923,5
720,719,1889.0,33.0,1.7469561,1
842,842,1674.0,27.0,1.6129031,5
890,888,2240.0,45.0,2.0089285,0
1355,1351,4080.0,50.0,1.2254902,1
1005,1002,2386.0,78.0,3.2690697,3
872,872,2767.0,39.0,1.4094687,0
1185,1184,2532.0,92.0,3.6334913,5
912,909,2516.0,36.0,1.4308426,2
869,869,2764.0,104.0,3.762663,0
894,894,2355.0,54.0,2.2929935,4
997,995,1997.0,31.0,1.5523285,5
770,769,2256.0,31.0,1.3741134,0
554,553,1286.0,16.0,1.244168,3
806,805,2134.0,57.0,2.6710403,0
1426,1425,5484.0,96.0,1.750547,0
1012,1011,2878.0,57.0,1.9805421,1
452,452,1111.0,20.0,1.8001801,2
896,894,2957.0,113.0,3.8214407,0
426,426,1009.0,9.0,0.89197224,0
239,239,600.0,1.0,0.16666667,0
829,829,2067.0,59.0,2.8543782,1
895,895,2194.0,45.0,2.0510483,3
787,786,2333.0,19.0,0.8144021,3
1139,1136,3710.0,93.0,2.5067384,4
925,923,2637.0,35.0,1.3272657,0
1015,1012,2468.0,51.0,2.0664506,5
1360,1357,3911.0,65.0,1.6619791,1
1097,1093,3184.0,77.0,2.4183416,1
650,649,1662.0,39.0,2.3465705,1
853,851,2704.0,65.0,2.4038463,0
549,548,1264.0,32.0,2.5316455,2
1052,1052,2181.0,40.0,1.8340211,5
307,307,586.0,22.0,3.7542663,1
1152,1150,3199.0,61.0,1.9068459,0
907,907,2206.0,18.0,0.8159565,3
1628,1621,5515.0,185.0,3.354488,4
731,731,1822.0,33.0,1.8111964,0
897,897,2392.0,34.0,1.4214047,0
1749,1741,5867.0,92.0,1.5680928,2
762,762,2159.0,37.0,1.7137563,2
712,712,1998.0,4.0,0.2002002,0
1195,1195,3254.0,63.0,1.9360787,4
851,850,2740.0,53.0,1.9343065,0
864,861,2357.0,52.0,2.2061944,0
968,966,2245.0,51.0,2.271715,5
845,843,2733.0,29.0,1.061105,2
331,331,732.0,3.0,0.40983605,1
840,839,2691.0,57.0,2.1181717,0
734,733,1856.0,30.0,1.6163793,1
948,947,2129.0,40.0,1.8788162,5
842,842,1774.0,71.0,4.002255,5
1543,1520,4760.0,59.0,1.2394959,0
661,660,2123.0,42.0,1.9783325,0
981,980,2542.0,70.0,2.7537372,1
912,912,2498.0,85.0,3.4027224,1
912,910,2520.0,54.0,2.1428573,0
1063,1060,3160.0,71.0,2.2468355,0
683,679,2053.0,69.0,3.3609352,0
823,822,2172.0,48.0,2.2099447,1
996,995,3144.0,37.0,1.1768448,0
695,693,2072.0,40.0,1.9305018,0
1483,1481,4824.0,58.0,1.2023216,2
927,925,3166.0,62.0,1.958307,0
574,574,1635.0,23.0,1.4067278,0
1052,1051,3493.0,85.0,2.4334383,0
571,571,1289.0,55.0,4.2668734,1
1028,1027,2939.0,65.0,2.2116368,4
1263,1262,3967.0,64.0,1.6133097,4
671,669,1937.0,70.0,3.613836,0
958,956,3235.0,44.0,1.3601236,0
747,746,1907.0,60.0,3.1463032,1
866,863,2565.0,35.0,1.3645225,0
896,895,2343.0,47.0,2.0059752,0
489,488,1151.0,17.0,1.4769765,1
643,643,1860.0,29.0,1.5591397,0
923,922,2927.0,75.0,2.5623505,1
820,819,2341.0,58.0,2.4775736,0
1466,1463,4502.0,111.0,2.465571,4
550,549,1197.0,20.0,1.6708437,0
1112,1112,3103.0,21.0,0.6767644,0
1006,1005,3006.0,64.0,2.129075,1
1448,1445,4633.0,94.0,2.028923,6
727,725,2107.0,25.0,1.1865212,0
899,898,2886.0,44.0,1.5246015,0
998,992,2439.0,55.0,2.2550225,4
563,563,1292.0,48.0,3.7151701,1
870,869,2951.0,68.0,2.3043036,0
903,903,2373.0,23.0,0.96923727,1
516,515,1143.0,12.0,1.0498688,0
754,751,2020.0,35.0,1.7326733,0
879,875,1810.0,41.0,2.2651932,5
588,588,1157.0,11.0,0.9507347,3
740,740,1839.0,79.0,4.295813,0
798,796,2188.0,78.0,3.5648994,0
798,797,2271.0,24.0,1.0568032,0
653,651,2001.0,35.0,1.7491255,0
902,901,2338.0,70.0,2.9940119,1
990,986,2728.0,24.0,0.8797654,0
724,723,1537.0,36.0,2.342225,0
953,952,2752.0,74.0,2.6889534,3
891,891,2300.0,59.0,2.5652175,2
1437,1434,4070.0,122.0,2.9975429,4
653,650,1714.0,23.0,1.3418903,2
714,712,1889.0,16.0,0.847009,0
956,955,3299.0,20.0,0.6062443,0
877,876,2022.0,38.0,1.8793274,0
1012,1010,2698.0,28.0,1.0378058,3
824,823,2477.0,20.0,0.80742836,0
1077,1076,3915.0,81.0,2.0689654,0
740,738,1418.0,25.0,1.7630465,3
692,691,2228.0,36.0,1.6157988,0
1063,1061,2992.0,35.0,1.1697861,1
771,771,2674.0,91.0,3.4031413,0
808,807,3101.0,22.0,0.7094486,0
1389,1386,4043.0,63.0,1.5582488,4
1264,1264,3900.0,90.0,2.3076923,3
952,952,2857.0,85.0,2.9751487,0
816,814,2209.0,28.0,1.2675419,0
795,793,2262.0,46.0,2.0335984,4
795,794,1869.0,51.0,2.7287319,3
760,760,2344.0,76.0,3.242321,0
886,882,2327.0,53.0,2.2776105,3
349,348,687.0,24.0,3.49345,3
868,868,2367.0,68.0,2.8728347,3
842,842,2151.0,30.0,1.3947002,0
819,818,2036.0,57.0,2.799607,3
626,624,1455.0,60.0,4.123711,0
418,417,868.0,14.0,1.6129031,2
903,901,2563.0,50.0,1.9508388,1
838,836,2165.0,64.0,2.95612,0
723,722,1982.0,19.0,0.95862764,0
436,436,979.0,20.0,2.042901,0
1112,1108,3500.0,121.0,3.4571428,1
724,723,1827.0,16.0,0.8757526,0
1299,1298,4058.0,93.0,2.2917693,4
719,717,1660.0,70.0,4.2168674,3
843,843,2277.0,31.0,1.3614405,1
1090,1089,3255.0,77.0,2.3655913,1
696,696,2297.0,36.0,1.5672617,0
885,885,2068.0,35.0,1.6924566,0
627,627,1748.0,40.0,2.2883296,2
809,807,2360.0,49.0,2.076271,0
423,423,920.0,16.0,1.7391304,0
729,729,1860.0,57.0,3.064516,0
853,851,2372.0,71.0,2.9932547,2
855,854,2368.0,41.0,1.731419,0
608,607,1504.0,18.0,1.1968086,1
627,627,1857.0,41.0,2.2078621,0
823,823,2396.0,31.0,1.293823,0
1063,1061,2989.0,20.0,0.66912013,0
575,573,1636.0,38.0,2.3227384,0
743,743,1966.0,38.0,1.9328587,0
1528,1528,4888.0,117.0,2.3936172,4
681,681,1927.0,34.0,1.7644007,2
544,542,1322.0,25.0,1.8910742,0
422,420,935.0,33.0,3.529412,3
731,731,2077.0,34.0,1.6369764,0
920,920,2005.0,34.0,1.6957605,3
761,761,2094.0,53.0,2.531041,4
884,881,2273.0,67.0,2.9476461,0
982,981,3234.0,36.0,1.1131725,0
784,784,2020.0,26.0,1.2871287,2
496,496,1035.0,20.0,1.9323671,2
573,573,1483.0,60.0,4.045853,0
521,521,1507.0,38.0,2.5215662,0
663,662,2250.0,47.0,2.088889,0
794,792,2498.0,29.0,1.1609287,0
975,972,2934.0,97.0,3.3060665,0
856,855,2510.0,81.0,3.2270916,3
978,978,2214.0,45.0,2.0325203,5
590,590,1648.0,26.0,1.57767,0
905,902,2493.0,34.0,1.3638188,0
695,694,2019.0,28.0,1.3868252,0
816,816,1935.0,57.0,2.9457364,3
976,974,3460.0,83.0,2.3988438,0
816,816,2490.0,41.0,1.6465863,0
753,751,1958.0,27.0,1.3789581,0
791,789,2178.0,44.0,2.020202,0
858,858,2572.0,40.0,1.55521,0
813,813,2487.0,34.0,1.367109,0
841,841,2390.0,53.0,2.2175734,0
1085,1080,3634.0,37.0,1.0181618,0
1692,1690,5326.0,138.0,2.5910628,4
716,716,1723.0,29.0,1.683111,0
955,955,2501.0,31.0,1.2395042,0
1467,1464,4688.0,109.0,2.3250854,4
741,740,2315.0,23.0,0.9935205,1
296,295,650.0,27.0,4.1538463,0
738,738,2282.0,42.0,1.8404908,2
1573,1571,6175.0,160.0,2.591093,6
1119,1118,3254.0,86.0,2.642901,1
918,917,3358.0,85.0,2.5312686,0
283,283,561.0,9.0,1.604278,1
703,701,2037.0,48.0,2.3564065,2
842,840,2034.0,34.0,1.671583,0
1253,1251,3826.0,93.0,2.430737,1
676,674,2166.0,88.0,4.0627885,0
1636,1631,5489.0,128.0,2.3319366,4
1273,1273,4199.0,124.0,2.953084,4
380,380,863.0,13.0,1.506373,0
799,796,1607.0,33.0,2.053516,5
1491,1489,4754.0,152.0,3.1973076,3
878,878,2490.0,20.0,0.8032128,0
939,937,2869.0,37.0,1.289648,3
725,725,2033.0,30.0,1.4756517,0
1365,1361,4023.0,81.0,2.0134227,4
818,818,2040.0,37.0,1.8137256,1
719,718,2089.0,47.0,2.2498803,0
1343,1341,4006.0,92.0,2.2965553,1
905,902,2607.0,57.0,2.1864212,1
837,837,1763.0,32.0,1.8150879,0
803,802,2472.0,20.0,0.8090615,0
990,988,2937.0,71.0,2.4174328,1
1084,1082,2278.0,22.0,0.96575946,0
976,973,3210.0,41.0,1.2772585,0
1630,1627,5637.0,95.0,1.6852936,6
795,795,1871.0,44.0,2.3516836,3
1408,1408,4035.0,107.0,2.6517968,4
771,771,1853.0,29.0,1.5650296,1
650,647,1975.0,47.0,2.379747,2
779,779,1998.0,42.0,2.102102,2
648,646,2242.0,56.0,2.4977698,0
817,815,1804.0,53.0,2.9379158,5
1127,1127,3251.0,91.0,2.7991388,1
882,881,2586.0,59.0,2.2815158,0
954,950,3034.0,51.0,1.6809493,0
830,828,1978.0,40.0,2.0222447,5
732,732,2569.0,100.0,3.8925653,0
783,782,2135.0,27.0,1.264637,0
756,753,1911.0,33.0,1.7268445,0
708,705,1319.0,20.0,1.5163002,5
976,975,2480.0,52.0,2.0967743,2
718,716,2576.0,41.0,1.5916148,0
887,887,2592.0,57.0,2.199074,0
809,808,2228.0,35.0,1.5709156,0
795,795,2501.0,50.0,1.9992003,0
662,661,1573.0,45.0,2.8607755,2
912,911,2541.0,30.0,1.1806375,0
1550,1546,4929.0,120.0,2.4345708,4
1509,1509,5193.0,249.0,4.794916,4
1021,1021,3107.0,49.0,1.577084,2
1751,1749,6191.0,155.0,2.5036342,6
776,774,2041.0,80.0,3.9196472,1
910,910,2228.0,66.0,2.962298,1
714,714,1493.0,22.0,1.4735433,2
530,529,1177.0,58.0,4.9277825,0
846,846,2591.0,112.0,4.3226557,0
631,628,1822.0,29.0,1.5916575,0
1152,1152,3514.0,80.0,2.2766078,1
1118,1118,4014.0,88.0,2.1923268,0
755,755,2191.0,32.0,1.4605203,0
573,570,1183.0,18.0,1.5215553,2
1176,1175,2707.0,47.0,1.7362393,0
267,266,682.0,22.0,3.2258062,7
918,915,1800.0,18.0,1.0,5
1132,1130,3152.0,70.0,2.2208123,1
849,849,2218.0,31.0,1.3976555,0
938,937,2520.0,42.0,1.6666667,0
1140,1138,3217.0,57.0,1.7718371,0
909,906,2551.0,23.0,0.9016072,0
840,839,2409.0,27.0,1.120797,0
806,803,2223.0,37.0,1.6644174,0
904,902,2411.0,64.0,2.6545,1
788,787,2255.0,36.0,1.5964522,2
778,776,1872.0,32.0,1.7094018,2
715,714,1861.0,64.0,3.4390113,0
869,867,2647.0,68.0,2.5689461,0
714,714,1462.0,34.0,2.3255813,0
883,879,2716.0,56.0,2.0618556,1
767,763,2297.0,26.0,1.1319112,1
858,855,2647.0,36.0,1.3600302,0
788,784,2475.0,23.0,0.9292929,0
553,552,1349.0,21.0,1.5567087,2
634,633,2055.0,66.0,3.211679,2
1230,1226,3323.0,55.0,1.6551309,1
1131,1131,3174.0,64.0,2.016383,4
849,848,2074.0,58.0,2.7965286,3
811,809,1802.0,32.0,1.7758048,0
827,823,1896.0,33.0,1.7405063,3
1753,1750,6691.0,112.0,1.6738902,0
713,710,1774.0,49.0,2.7621195,1
484,482,1054.0,49.0,4.6489563,3
783,782,1630.0,47.0,2.8834355,5
722,721,1978.0,29.0,1.4661274,1
596,595,1519.0,37.0,2.4358132,2
514,514,1171.0,15.0,1.2809564,3
372,371,716.0,3.0,0.41899443,2
925,923,2237.0,27.0,1.2069737,3
747,746,1676.0,10.0,0.5966587,3
840,840,1827.0,43.0,2.3535852,0
673,672,1496.0,30.0,2.0053477,0
955,954,2479.0,67.0,2.7027028,0
796,795,2598.0,40.0,1.5396459,0
719,719,2041.0,62.0,3.0377266,0
718,717,1979.0,40.0,2.0212228,1
857,857,1922.0,26.0,1.3527576,5
578,578,1321.0,11.0,0.8327025,0
1063,1062,3385.0,96.0,2.8360415,1
594,593,1514.0,62.0,4.0951123,0
997,997,1988.0,39.0,1.9617707,5
1268,1264,3753.0,47.0,1.2523315,1
341,341,684.0,23.0,3.362573,1
388,388,897.0,16.0,1.7837236,0
753,751,2625.0,50.0,1.904762,0
834,829,2349.0,30.0,1.2771392,0
593,592,1492.0,31.0,2.077748,2
1189,1185,2883.0,47.0,1.6302463,0
911,910,2182.0,33.0,1.5123739,3
738,738,1833.0,28.0,1.5275505,2
476,473,1253.0,51.0,4.0702314,2
816,816,2146.0,42.0,1.9571295,0
641,640,1580.0,40.0,2.5316455,2
746,744,2473.0,51.0,2.0622725,0
635,634,1497.0,29.0,1.9372078,2
953,951,2788.0,58.0,2.0803444,3
801,800,2043.0,33.0,1.6152717,0
326,325,692.0,19.0,2.7456646,1
849,849,2000.0,46.0,2.3,3
499,498,1224.0,15.0,1.2254902,1
865,849,2405.0,22.0,0.91476095,7
1420,1416,4175.0,106.0,2.5389223,4
487,486,1138.0,35.0,3.075571,1
876,875,2517.0,70.0,2.7810886,1
797,795,2341.0,39.0,1.6659547,0
981,979,2879.0,83.0,2.8829455,0
756,752,2142.0,56.0,2.6143792,1
850,850,2063.0,64.0,3.1022782,5
1097,1095,3962.0,38.0,0.9591116,0
998,995,2808.0,40.0,1.4245014,6
829,827,2636.0,55.0,2.0864947,0
1159,1157,3628.0,71.0,1.9570012,4
955,954,2941.0,60.0,2.0401225,0
1061,1059,3232.0,51.0,1.5779704,0
696,695,2246.0,16.0,0.71237755,0
786,786,2668.0,60.0,2.2488756,0
743,743,1819.0,27.0,1.4843321,3
1211,1209,3773.0,95.0,2.5178902,1
893,892,2301.0,30.0,1.303781,0
491,490,1070.0,14.0,1.3084111,1
744,743,1735.0,63.0,3.631124,0
1447,1446,4409.0,60.0,1.3608528,4
767,764,2421.0,36.0,1.4869888,0
1050,1050,2213.0,24.0,1.0845007,5
853,851,2322.0,34.0,1.464255,3
1118,1114,3066.0,53.0,1.7286366,1
1428,1425,4587.0,114.0,2.4852846,3
555,554,1136.0,10.0,0.88028175,2
612,612,1771.0,33.0,1.8633541,2
854,854,2504.0,32.0,1.2779553,1
789,786,2249.0,39.0,1.734104,0
889,889,2068.0,22.0,1.0638298,0
784,782,1967.0,53.0,2.6944585,0
712,712,1624.0,19.0,1.1699507,2
1323,1323,3608.0,93.0,2.5776052,4
921,920,2802.0,68.0,2.426838,0
682,681,1541.0,32.0,2.0765736,1
794,790,2197.0,59.0,2.68548,1
846,845,2486.0,22.0,0.88495576,0
1012,1010,2808.0,71.0,2.5284898,0
839,838,2402.0,33.0,1.3738551,0
807,806,2299.0,23.0,1.000435,1
587,584,1522.0,55.0,3.613666,0
881,878,2468.0,49.0,1.9854132,0
781,779,2623.0,65.0,2.4780786,0
1010,1008,2871.0,47.0,1.6370602,1
1182,1181,3633.0,86.0,2.3671896,4
1149,1149,3001.0,48.0,1.5994668,1
812,808,2258.0,46.0,2.0372012,0
607,604,1547.0,42.0,2.7149322,2
1155,1155,3465.0,45.0,1.2987013,2
714,714,1759.0,56.0,3.1836271,2
642,640,1632.0,33.0,2.022059,2
1088,1087,3235.0,38.0,1.1746522,0
1291,1290,4119.0,130.0,3.1561058,4
1196,1193,2964.0,41.0,1.3832659,2
325,323,662.0,10.0,1.510574,1
804,804,2322.0,42.0,1.8087854,0
370,370,691.0,8.0,1.1577424,1
359,359,744.0,12.0,1.6129031,1
855,853,2803.0,74.0,2.6400285,0
1165,1165,2894.0,18.0,0.6219765,3
836,836,2191.0,62.0,2.8297582,0
923,923,2701.0,56.0,2.0733063,0
863,861,2344.0,83.0,3.5409555,0
1284,1283,3898.0,119.0,3.0528476,4
1011,1010,3053.0,66.0,2.161808,1
889,889,2592.0,49.0,1.8904321,0
984,983,3261.0,59.0,1.809261,0
512,510,1238.0,43.0,3.473344,0
939,939,2829.0,32.0,1.1311418,0
883,881,2610.0,31.0,1.1877394,6
697,695,1374.0,30.0,2.183406,5
1211,1208,3641.0,58.0,1.592969,1
362,362,776.0,12.0,1.5463917,1
969,969,1945.0,57.0,2.9305913,5
1135,1135,3246.0,57.0,1.7560074,1
1239,1236,4271.0,47.0,1.1004449,0
580,580,1753.0,24.0,1.3690815,0
1103,1102,3739.0,73.0,1.9523938,1
975,972,3169.0,52.0,1.6408961,0
825,824,2261.0,27.0,1.1941619,0
1170,1168,3103.0,80.0,2.57815,1
921,919,2491.0,63.0,2.5291047,0
640,637,1545.0,38.0,2.459547,2
1180,1176,3626.0,87.0,2.399338,4
378,376,743.0,14.0,1.8842529,2
982,977,2419.0,57.0,2.3563457,5
916,913,2664.0,37.0,1.388889,0
1122,1120,3471.0,64.0,1.8438491,3
792,791,2092.0,78.0,3.7284896,3
619,619,1670.0,27.0,1.6167665,0
750,750,2140.0,47.0,2.1962616,0
913,910,3034.0,85.0,2.801582,0
775,775,2298.0,29.0,1.261967,0
661,659,1858.0,22.0,1.1840689,0
766,762,1684.0,20.0,1.1876484,0
768,767,2968.0,58.0,1.954178,0
675,673,1464.0,23.0,1.5710381,0
944,943,1980.0,46.0,2.3232324,5
940,939,2194.0,108.0,4.922516,3
761,761,2107.0,45.0,2.135738,0
727,725,1830.0,37.0,2.021858,0
767,767,2047.0,79.0,3.859306,3
873,871,2949.0,66.0,2.2380466,0
1043,1043,3069.0,37.0,1.2056044,0
850,850,2087.0,93.0,4.456157,3
995,994,2886.0,57.0,1.9750521,3
680,680,2141.0,47.0,2.195236,0
595,595,1770.0,21.0,1.1864407,0
700,699,1999.0,35.0,1.7508755,1
753,749,2407.0,51.0,2.1188202,0
736,735,2096.0,47.0,2.2423663,0
891,887,2575.0,40.0,1.5533981,0
685,683,1831.0,34.0,1.8569088,3
780,778,1957.0,8.0,0.40878895,3
986,984,2980.0,62.0,2.0805368,1
989,988,3190.0,97.0,3.0407524,3
830,830,2325.0,50.0,2.1505377,3
810,809,1581.0,42.0,2.6565464,5
685,685,1591.0,78.0,4.902577,3
784,782,2019.0,22.0,1.0896484,0
642,642,2258.0,79.0,3.4986715,0
742,740,1696.0,62.0,3.6556606,1
961,959,2056.0,31.0,1.5077821,5
906,906,2617.0,55.0,2.101643,4
829,828,2816.0,24.0,0.85227275,0
621,618,1727.0,17.0,0.98436594,2
822,821,2418.0,40.0,1.6542597,0
717,716,2154.0,46.0,2.1355617,0
1210,1208,3409.0,113.0,3.3147552,4
800,800,2602.0,29.0,1.1145273,0
1963,1954,5981.0,67.0,1.120214,3
749,749,2173.0,66.0,3.0372758,3
757,754,2001.0,29.0,1.4492754,1
570,570,1247.0,29.0,2.3255813,0
831,827,2464.0,49.0,1.9886364,0
721,719,1881.0,22.0,1.1695907,0
336,334,611.0,12.0,1.9639935,2
802,800,2281.0,57.0,2.498904,0
1001,1001,3144.0,96.0,3.053435,1
886,885,2070.0,21.0,1.0144928,0
631,631,1762.0,43.0,2.4404087,0
759,755,2262.0,63.0,2.7851458,0
631,628,1686.0,26.0,1.5421115,1
550,550,1395.0,19.0,1.3620073,0
984,979,2513.0,72.0,2.8651013,7
767,765,2295.0,38.0,1.6557734,0
835,835,1995.0,42.0,2.1052632,5
777,776,2507.0,44.0,1.7550858,0
639,637,1659.0,23.0,1.3863773,2
860,857,2632.0,26.0,0.98784196,0
1413,1410,3225.0,106.0,3.2868218,5
747,746,1951.0,30.0,1.537673,0
779,778,2371.0,25.0,1.0544074,0
540,539,1319.0,38.0,2.8809705,2
367,365,699.0,33.0,4.72103,1
1629,1625,5924.0,127.0,2.1438217,6
1380,1375,3965.0,109.0,2.7490542,4
689,687,2130.0,49.0,2.3004694,0
1001,1000,2731.0,27.0,0.98864883,1
809,805,2450.0,29.0,1.1836735,0
337,337,648.0,12.0,1.8518518,2
1103,1101,3293.0,148.0,4.494382,1
796,796,2168.0,23.0,1.0608855,0
966,964,2978.0,125.0,4.1974483,0
782,782,2110.0,81.0,3.8388624,0
1018,1016,2757.0,36.0,1.3057672,0
642,641,1512.0,25.0,1.6534392,2
967,965,2698.0,59.0,2.186805,0
436,434,1102.0,20.0,1.814882,0
826,826,2305.0,78.0,3.3839478,1
779,777,2014.0,57.0,2.8301888,3
1000,998,3086.0,46.0,1.4906027,0
601,601,1509.0,59.0,3.909874,3
796,795,2779.0,55.0,1.9791292,0
945,944,2823.0,68.0,2.408785,0
1679,1674,5552.0,100.0,1.8011527,2
1123,1123,3219.0,76.0,2.3609817,4
596,595,1682.0,19.0,1.1296076,0
995,994,2129.0,30.0,1.4091123,3
720,719,1953.0,20.0,1.0240655,0
588,587,1417.0,39.0,2.7522936,1
759,758,1907.0,50.0,2.6219194,1
452,452,916.0,27.0,2.9475982,1
780,778,1796.0,39.0,2.171492,3
836,836,2605.0,13.0,0.4990403,0
515,515,1124.0,44.0,3.9145908,1
846,844,2709.0,44.0,1.6242156,0
392,392,778.0,15.0,1.9280206,1
283,278,623.0,18.0,2.8892455,7
710,707,1803.0,47.0,2.6067665,0
1158,1158,3452.0,86.0,2.4913094,1
796,794,2301.0,74.0,3.2159932,0
895,892,2403.0,43.0,1.78943,1
585,585,1740.0,76.0,4.367816,2
559,558,1386.0,13.0,0.93795097,1
859,857,2052.0,23.0,1.1208577,3
879,877,2879.0,97.0,3.3692255,0
858,857,2168.0,43.0,1.9833949,3
842,839,1630.0,38.0,2.3312883,5
643,642,1733.0,37.0,2.135026,0
1308,1305,3498.0,42.0,1.2006861,0
595,594,1512.0,35.0,2.3148148,2
1181,1179,3348.0,163.0,4.868578,1
909,908,2667.0,21.0,0.78740156,0
710,708,2252.0,34.0,1.5097691,0
821,817,2172.0,83.0,3.821363,3
817,814,2024.0,49.0,2.4209487,2
841,840,2190.0,27.0,1.2328768,0
1197,1194,3320.0,54.0,1.6265061,1
640,639,1554.0,17.0,1.0939511,1
1425,1425,4455.0,125.0,2.8058362,6
947,945,2912.0,66.0,2.2664835,0
900,897,2396.0,78.0,3.2554257,1
852,851,2023.0,62.0,3.0647554,3
460,460,930.0,24.0,2.580645,1
1100,1096,3046.0,87.0,2.8562047,3
824,823,3128.0,62.0,1.9820971,0
780,780,1529.0,21.0,1.3734467,5
932,931,2676.0,43.0,1.6068759,2
542,541,1323.0,36.0,2.7210884,2
1137,1135,3349.0,53.0,1.582562,2
1225,1223,3764.0,56.0,1.487779,1
997,994,3243.0,38.0,1.1717546,0
572,572,1585.0,15.0,0.9463723,0
780,778,1790.0,36.0,2.0111732,1
765,765,2009.0,47.0,2.3394725,1
906,906,1941.0,31.0,1.5971148,5
793,792,2407.0,51.0,2.1188202,0
753,753,2326.0,51.0,2.1926053,0
772,770,1811.0,35.0,1.9326339,0
854,852,2650.0,46.0,1.7358491,0
936,934,2713.0,37.0,1.3638039,0
1048,1046,3052.0,56.0,1.8348624,0
819,817,2051.0,64.0,3.120429,3
645,644,1886.0,31.0,1.6436902,2
619,618,1594.0,25.0,1.5683815,0
314,314,562.0,17.0,3.024911,1
726,723,1635.0,52.0,3.1804283,3
737,735,1900.0,44.0,2.3157895,0
1162,1160,3343.0,65.0,1.9443614,4
1081,1078,2374.0,51.0,2.148273,5
868,867,2710.0,48.0,1.7712178,0
1032,1030,3092.0,69.0,2.2315652,1
913,913,2909.0,46.0,1.5812995,0
476,474,1076.0,35.0,3.2527883,2
490,488,1107.0,27.0,2.4390242,3
799,795,2075.0,46.0,2.2168674,2
1201,1200,3599.0,48.0,1.3337039,4
997,994,2542.0,30.0,1.180173,0
898,897,1939.0,29.0,1.4956163,5
212,212,575.0,7.0,1.2173914,7
1586,1584,5303.0,144.0,2.715444,3
427,426,890.0,27.0,3.0337079,0
947,945,2562.0,43.0,1.6783763,0
937,935,2684.0,29.0,1.0804769,1
724,723,2353.0,61.0,2.5924351,0
380,380,837.0,30.0,3.5842295,0
715,714,1808.0,38.0,2.10177,0
739,739,1494.0,9.0,0.6024096,5
931,930,2877.0,41.0,1.4250956,0
973,971,2614.0,35.0,1.3389441,0
773,771,2606.0,63.0,2.417498,3
1497,1494,4438.0,78.0,1.7575483,5
906,904,2522.0,18.0,0.7137193,0
798,797,2095.0,43.0,2.052506,4
953,952,2534.0,18.0,0.71033937,0
471,470,1200.0,8.0,0.6666667,0
821,820,1759.0,30.0,1.7055144,0
806,805,1974.0,33.0,1.6717325,3
714,713,2075.0,31.0,1.4939759,0
828,827,1933.0,65.0,3.3626485,3
727,726,2403.0,76.0,3.1627133,0
773,771,2110.0,34.0,1.6113744,0
976,975,2433.0,13.0,0.53431976,5
856,854,2665.0,45.0,1.6885552,0
727,727,1650.0,31.0,1.878788,3
761,759,2253.0,47.0,2.0861075,0
1084,1083,3515.0,67.0,1.9061167,1
1557,1554,4319.0,108.0,2.5005789,4
693,691,1711.0,32.0,1.8702513,2
559,558,1148.0,26.0,2.2648084,1
627,625,1553.0,67.0,4.3142304,1
795,795,1863.0,49.0,2.6301663,3
750,749,2090.0,49.0,2.3444977,0
838,837,2384.0,30.0,1.2583892,0
803,797,2558.0,53.0,2.0719311,0
453,453,1064.0,18.0,1.6917294,0
734,733,2290.0,52.0,2.2707424,0
607,604,1929.0,33.0,1.710731,0
1029,1028,3079.0,54.0,1.7538162,1
805,803,2338.0,46.0,1.9674937,0
669,669,1762.0,57.0,3.23496,2
505,503,1307.0,14.0,1.0711553,2
858,858,2272.0,63.0,2.7728872,0
832,832,2068.0,49.0,2.3694391,1
1019,1018,3000.0,56.0,1.8666666,0
585,585,1424.0,34.0,2.3876405,1
1225,1221,4254.0,147.0,3.4555712,0
1287,1286,4081.0,85.0,2.0828228,0
903,902,2245.0,55.0,2.4498885,3
752,752,2333.0,37.0,1.5859408,0
2020,2013,8415.0,89.0,1.0576352,6
774,773,2177.0,56.0,2.5723472,2
666,663,1432.0,37.0,2.583799,1
843,840,2437.0,45.0,1.8465327,2
857,851,2480.0,83.0,3.3467743,3
887,887,2262.0,37.0,1.6357206,0
1082,1079,3427.0,71.0,2.071783,0
656,653,1770.0,27.0,1.5254238,2
674,674,1948.0,38.0,1.9507186,0
911,908,1812.0,30.0,1.655629,5
734,734,1614.0,51.0,3.1598513,5
910,909,2654.0,18.0,0.6782216,0
672,670,1697.0,37.0,2.180318,2
802,800,1751.0,16.0,0.9137636,0
539,539,1373.0,24.0,1.747997,0
699,697,1928.0,28.0,1.4522822,0
941,941,2747.0,64.0,2.3298144,0
828,826,2048.0,58.0,2.8320312,1
800,800,2290.0,60.0,2.6200874,3
642,642,1655.0,50.0,3.021148,1
733,733,2091.0,41.0,1.9607844,0
607,605,1345.0,21.0,1.5613383,1
992,991,2747.0,34.0,1.2377138,0
379,379,809.0,15.0,1.8541409,1
562,561,1507.0,31.0,2.057067,2
847,844,2389.0,27.0,1.13018,0
787,787,2333.0,66.0,2.8289757,1
1461,1460,4660.0,56.0,1.2017167,1
732,728,1694.0,42.0,2.479339,2
941,940,2716.0,39.0,1.4359353,1
785,783,2082.0,25.0,1.2007686,0
696,693,1394.0,24.0,1.7216643,5
795,794,1897.0,32.0,1.686874,0
809,809,1440.0,29.0,2.0138888,5
828,827,2296.0,48.0,2.0905924,0
651,647,1832.0,45.0,2.4563317,1
882,880,2452.0,25.0,1.0195758,3
972,970,2344.0,53.0,2.2610922,3
1323,1321,4521.0,81.0,1.7916391,1
679,679,1887.0,46.0,2.4377317,2
774,772,2107.0,34.0,1.6136687,2
784,781,2304.0,48.0,2.0833335,2
766,766,2030.0,17.0,0.83743846,0
520,519,1137.0,24.0,2.110818,2
671,670,1449.0,42.0,2.8985507,1
796,795,2207.0,79.0,3.5795197,1
644,643,2117.0,54.0,2.5507796,0
1549,1548,5049.0,81.0,1.604278,4
756,756,2350.0,39.0,1.6595745,0
723,723,1631.0,30.0,1.8393623,3
788,787,2510.0,62.0,2.4701195,0
643,642,1741.0,49.0,2.8144746,3
856,856,2420.0,63.0,2.6033058,3
825,825,2139.0,60.0,2.8050492,1
730,730,2008.0,22.0,1.0956175,0
831,830,2231.0,44.0,1.9722098,1
653,651,1655.0,56.0,3.3836856,2
429,429,955.0,4.0,0.41884816,1
641,641,1680.0,41.0,2.4404762,2
637,635,1542.0,64.0,4.150454,1
812,810,2451.0,79.0,3.223174,0
1527,1526,5102.0,139.0,2.7244217,4
859,858,2429.0,54.0,2.223137,3
972,971,2857.0,49.0,1.7150859,1
744,743,2327.0,41.0,1.7619252,0
869,866,2053.0,32.0,1.5586946,5
508,506,1146.0,27.0,2.356021,1
624,623,1968.0,17.0,0.86382115,0
923,922,2502.0,69.0,2.757794,1
976,974,2282.0,45.0,1.9719545,3
801,800,1938.0,33.0,1.7027864,3
1014,1013,2807.0,85.0,3.028144,0
1429,1426,3487.0,50.0,1.4338973,3
586,584,1408.0,20.0,1.4204546,0
692,690,1804.0,54.0,2.9933481,0
704,702,1739.0,37.0,2.1276596,3
1176,1175,3628.0,65.0,1.7916209,0
806,806,2148.0,40.0,1.8621974,1
883,882,2272.0,55.0,2.4207747,3
1249,1245,3332.0,107.0,3.2112844,3
765,764,2260.0,15.0,0.6637168,0
743,742,2126.0,22.0,1.0348071,0
907,905,2794.0,68.0,2.4337866,0
666,663,1607.0,48.0,2.9869323,2
669,668,1456.0,10.0,0.6868132,3
364,359,979.0,29.0,2.9622064,7
794,792,1859.0,35.0,1.8827326,3
959,955,2734.0,32.0,1.1704463,0
766,765,2260.0,30.0,1.3274336,0
937,935,3330.0,39.0,1.1711712,0
1398,1396,4414.0,123.0,2.7865882,4
942,942,2634.0,33.0,1.2528473,0
1469,1467,4744.0,120.0,2.529511,4
905,904,2119.0,47.0,2.2180274,1
812,812,1550.0,32.0,2.0645163,5
572,568,1832.0,36.0,1.9650655,0
1378,1374,4063.0,67.0,1.6490278,2
1058,1058,3369.0,97.0,2.8791926,4
1215,1211,3650.0,77.0,2.109589,1
697,693,2214.0,30.0,1.3550135,0
531,530,1243.0,12.0,0.9654063,0
676,675,1895.0,29.0,1.530343,3
1819,1815,6329.0,134.0,2.1172383,0
503,502,1095.0,22.0,2.0091324,2
801,801,2084.0,51.0,2.447217,3
943,941,2567.0,24.0,0.93494356,0
874,872,2595.0,69.0,2.6589594,1
813,810,1653.0,28.0,1.6938899,5
694,694,1991.0,36.0,1.8081367,0
494,493,1343.0,33.0,2.4571855,2
660,658,1895.0,17.0,0.8970976,0
1467,1466,4560.0,147.0,3.223684,4
976,975,2773.0,63.0,2.2719076,0
833,832,2764.0,52.0,1.8813314,0
689,689,1979.0,33.0,1.6675088,0
921,919,2625.0,72.0,2.7428572,0
625,623,1432.0,35.0,2.444134,2
1428,1426,4442.0,91.0,2.0486267,5
817,815,2120.0,34.0,1.6037736,2
909,905,2052.0,43.0,2.0955167,5
956,956,2019.0,17.0,0.842001,5
765,764,2650.0,60.0,2.264151,0
1207,1202,3778.0,74.0,1.9587083,2
829,826,2447.0,66.0,2.6971803,3
1648,1643,6097.0,99.0,1.6237494,6
554,552,1389.0,49.0,3.5277176,0
1500,1496,4971.0,133.0,2.675518,1
953,953,2189.0,13.0,0.59387845,4
647,646,1652.0,29.0,1.7554479,2
537,536,1153.0,50.0,4.3365135,3
786,785,2052.0,33.0,1.6081872,0
814,810,2427.0,46.0,1.895344,0
761,759,1501.0,32.0,2.1319122,5
862,861,2656.0,59.0,2.2213855,0
838,837,1898.0,18.0,0.9483667,5
1102,1100,2262.0,44.0,1.9451811,5
1392,1389,4394.0,47.0,1.0696405,1
1042,1042,3840.0,75.0,1.953125,3
372,371,943.0,4.0,0.42417818,0
971,970,2460.0,53.0,2.1544716,3
1364,1362,4436.0,112.0,2.524797,4
1137,1135,3101.0,61.0,1.9671073,1
847,845,2402.0,54.0,2.2481267,0
935,935,2598.0,59.0,2.2709777,1
710,710,1584.0,35.0,2.209596,3
1070,1070,3425.0,64.0,1.868613,0
914,911,2815.0,30.0,1.0657194,2
855,853,2373.0,36.0,1.517067,0
759,758,2035.0,39.0,1.916462,0
654,654,1343.0,21.0,1.5636634,2
981,980,2754.0,40.0,1.4524329,1
1193,1192,3282.0,58.0,1.7672151,1
397,394,999.0,11.0,1.101101,7
1123,1121,3388.0,66.0,1.9480519,2
616,616,2009.0,27.0,1.3439522,0
747,746,1930.0,42.0,2.1761658,1
876,876,2567.0,55.0,2.1425788,0
949,948,2537.0,36.0,1.4189988,0
965,965,2921.0,59.0,2.0198562,0
789,789,2348.0,34.0,1.448041,0
752,750,1920.0,78.0,4.0625,1
717,717,2011.0,53.0,2.6355047,2
1198,1197,3806.0,74.0,1.9442985,1
952,948,2223.0,67.0,3.013945,5
625,624,1729.0,65.0,3.7593982,1
784,782,2017.0,43.0,2.1318789,2
914,913,2060.0,32.0,1.5533981,5
659,659,1465.0,14.0,0.9556314,1
913,912,2788.0,44.0,1.5781922,0
863,863,2289.0,29.0,1.2669288,0
959,958,2837.0,65.0,2.2911527,1
1637,1634,5189.0,107.0,2.0620544,1
796,795,2329.0,27.0,1.1592958,0
1508,1502,4972.0,111.0,2.232502,4
906,905,2360.0,59.0,2.5,0
714,713,2146.0,34.0,1.5843431,0
1195,1195,3420.0,73.0,2.134503,1
867,867,1852.0,25.0,1.349892,0
819,817,2206.0,71.0,3.2184951,0
375,374,701.0,19.0,2.7104137,2
656,656,1740.0,58.0,3.3333335,2
1047,1045,3395.0,94.0,2.7687776,0
745,744,2112.0,62.0,2.935606,0
866,865,2767.0,43.0,1.5540296,0
1186,1182,4185.0,40.0,0.95579445,0
1669,1667,4211.0,83.0,1.9710282,5
539,539,1314.0,19.0,1.4459665,0
942,942,2532.0,55.0,2.172196,1
839,838,2325.0,66.0,2.8387098,0
927,925,2545.0,56.0,2.200393,0
796,795,1994.0,32.0,1.6048144,1
734,732,1946.0,33.0,1.6957862,0
831,831,2466.0,81.0,3.2846715,3
967,967,3128.0,72.0,2.3017902,0
620,620,1246.0,40.0,3.210273,0
814,814,2223.0,79.0,3.5537562,3
605,604,1621.0,27.0,1.6656386,0
1391,1390,4201.0,155.0,3.6895976,4
655,652,1792.0,32.0,1.7857144,2
1512,1507,4600.0,59.0,1.2826087,4
625,621,1531.0,23.0,1.5022861,0
719,715,2067.0,64.0,3.0962749,1
547,546,1424.0,33.0,2.3174157,1
864,862,2347.0,87.0,3.7068598,1
902,900,2807.0,78.0,2.7787673,0
853,853,2692.0,50.0,1.857355,0
1143,1141,3687.0,74.0,2.0070517,1
990,989,2264.0,39.0,1.7226149,0
858,858,2222.0,41.0,1.8451846,0
604,603,1421.0,39.0,2.7445462,0
1291,1285,4200.0,99.0,2.3571427,4
701,701,1686.0,47.0,2.787663,3
859,859,2121.0,17.0,0.80150867,5
768,766,1965.0,12.0,0.610687,0
1621,1618,5286.0,167.0,3.1592886,4
715,714,1856.0,39.0,2.101293,2
594,593,1379.0,31.0,2.2480059,2
783,783,1557.0,27.0,1.734104,5
1608,1606,5280.0,79.0,1.4962121,3
927,927,2993.0,49.0,1.6371534,0
740,739,1936.0,37.0,1.911157,2
805,805,2256.0,32.0,1.4184396,0
705,705,1701.0,43.0,2.5279248,1
491,491,988.0,14.0,1.417004,2
514,513,1217.0,38.0,3.1224322,0
768,765,1861.0,43.0,2.3105857,1
880,878,2549.0,38.0,1.4907807,0
993,993,3236.0,30.0,0.92707044,0
356,356,750.0,28.0,3.733333,0
748,747,1830.0,31.0,1.6939892,1
993,993,2304.0,36.0,1.5625,3
801,801,2383.0,31.0,1.3008813,0
843,843,2843.0,81.0,2.8491032,0
1194,1191,3738.0,52.0,1.3911182,1
794,792,2240.0,66.0,2.9464285,2
606,603,1553.0,18.0,1.159047,0
810,807,1983.0,36.0,1.8154312,5
882,881,2523.0,47.0,1.8628616,0
682,680,1490.0,23.0,1.5436242,2
1126,1126,3823.0,60.0,1.569448,0
792,791,1990.0,36.0,1.8090453,0
829,828,1700.0,47.0,2.764706,5
1657,1650,5187.0,166.0,3.2003086,2
786,786,1705.0,28.0,1.6422286,3
610,609,1598.0,31.0,1.939925,2
664,663,1590.0,66.0,4.1509433,3
790,789,2207.0,27.0,1.2233801,0
852,848,2206.0,52.0,2.3572075,1
678,678,1371.0,18.0,1.3129103,3
589,588,1741.0,37.0,2.1252153,0
930,928,3220.0,66.0,2.0496893,0
690,690,1986.0,67.0,3.3736155,0
840,840,2593.0,26.0,1.0026996,0
647,645,1442.0,29.0,2.0110958,2
622,620,1592.0,55.0,3.454774,2
427,426,812.0,18.0,2.2167487,3
856,855,1699.0,21.0,1.2360212,5
522,522,1138.0,30.0,2.636204,0
1262,1258,3624.0,81.0,2.2350993,4
722,720,2067.0,42.0,2.0319304,0
641,641,1753.0,26.0,1.4831717,0
997,995,3162.0,42.0,1.3282732,0
983,983,2261.0,50.0,2.211411,3
1099,1099,2171.0,63.0,2.9018884,5
607,606,1985.0,44.0,2.2166247,0
704,702,2042.0,100.0,4.8971596,3
947,944,2793.0,35.0,1.2531328,0
886,886,2301.0,40.0,1.7383747,3
1062,1061,3330.0,75.0,2.252252,1
659,659,1645.0,19.0,1.1550152,2
995,995,2915.0,37.0,1.2692968,0
492,491,1078.0,29.0,2.690167,3
754,753,1708.0,51.0,2.9859486,3
676,676,2038.0,63.0,3.091266,2
837,837,2596.0,48.0,1.8489984,0
532,530,1161.0,9.0,0.7751938,2
598,597,1690.0,29.0,1.7159764,2
1274,1265,3097.0,42.0,1.3561511,6
921,920,2402.0,29.0,1.2073272,3
700,699,1639.0,24.0,1.4643075,1
828,826,1917.0,53.0,2.7647364,3
828,827,2468.0,54.0,2.1880064,0
543,543,1221.0,25.0,2.047502,2
815,815,1991.0,73.0,3.6664991,0
709,708,1888.0,73.0,3.8665254,2
842,842,1726.0,52.0,3.012746,0
1200,1199,3538.0,67.0,1.8937253,0
1126,1124,3244.0,80.0,2.4660914,4
1327,1324,3805.0,69.0,1.8134034,1
849,849,2781.0,53.0,1.9057893,0
1160,1157,4042.0,86.0,2.1276596,0
707,705,1812.0,15.0,0.8278145,0
675,675,1663.0,31.0,1.8641009,1
709,709,1833.0,56.0,3.055101,2
990,989,3357.0,68.0,2.025618,0
270,270,652.0,0.0,0.0,0
445,443,943.0,16.0,1.6967127,0
892,891,2206.0,78.0,3.5358117,3
1040,1037,2003.0,72.0,3.5946083,5
832,830,1735.0,27.0,1.556196,5
815,813,2215.0,34.0,1.5349888,0
437,437,982.0,48.0,4.887984,3
1401,1396,4145.0,91.0,2.1954162,4
1341,1339,3898.0,168.0,4.309902,4
480,480,973.0,16.0,1.6443988,1
1517,1517,4913.0,120.0,2.4424994,4
704,703,1975.0,47.0,2.379747,3
622,622,1662.0,26.0,1.5643803,0
823,822,2248.0,41.0,1.8238435,0
731,730,1971.0,67.0,3.3992898,2
781,780,2143.0,32.0,1.4932338,0
849,848,2087.0,30.0,1.4374701,0
1209,1207,3648.0,115.0,3.1524122,4
472,472,1074.0,16.0,1.4897579,1
838,836,1971.0,54.0,2.739726,3
643,643,1478.0,37.0,2.503383,5
1101,1100,3150.0,82.0,2.6031744,4
879,879,2185.0,55.0,2.5171626,3
895,894,2323.0,56.0,2.4106758,1
408,407,1173.0,16.0,1.3640239,0
832,832,1888.0,47.0,2.4894068,3
845,842,2659.0,34.0,1.2786762,3
928,927,3050.0,63.0,2.065574,0
920,915,2028.0,21.0,1.0355029,5
1269,1269,3725.0,96.0,2.577181,4
652,652,1373.0,46.0,3.350328,0
1463,1457,3544.0,42.0,1.1851015,5
840,839,2022.0,47.0,2.3244312,2
706,705,1897.0,47.0,2.477596,0
956,953,3333.0,85.0,2.550255,2
1219,1216,3464.0,63.0,1.8187066,1
612,608,1384.0,41.0,2.9624279,2
970,967,2909.0,48.0,1.6500516,1
789,789,2276.0,19.0,0.83479786,0
382,382,805.0,31.0,3.8509316,1
533,532,1288.0,63.0,4.8913045,0
627,627,2093.0,44.0,2.1022456,0
388,388,780.0,24.0,3.0769231,3
655,655,1638.0,31.0,1.892552,1
1103,1101,2263.0,41.0,1.8117543,3
782,781,2208.0,20.0,0.90579706,0
1231,1230,2764.0,67.0,2.4240232,5
617,617,1738.0,26.0,1.4959724,0
589,588,1217.0,22.0,1.807724,3
758,754,2070.0,21.0,1.0144928,1
882,882,2134.0,59.0,2.764761,3
909,907,2581.0,83.0,3.2158077,4
661,661,1839.0,36.0,1.9575857,0
558,557,1299.0,44.0,3.3872209,1
947,946,2579.0,41.0,1.5897635,0
491,490,1202.0,20.0,1.6638935,0
1386,1383,4217.0,91.0,2.157932,1
1481,1477,4572.0,160.0,3.4995627,4
823,822,2130.0,77.0,3.6150236,3
1064,1064,2765.0,71.0,2.567812,4
681,681,1644.0,32.0,1.946472,2
652,650,1429.0,27.0,1.8894331,3
363,363,808.0,5.0,0.6188119,2
824,823,2308.0,29.0,1.2564992,0
933,932,2037.0,39.0,1.9145803,5
611,611,2093.0,31.0,1.4811275,0
886,884,2638.0,29.0,1.0993177,0
806,803,1778.0,48.0,2.6996624,3
531,530,1275.0,26.0,2.0392158,2
864,860,2359.0,71.0,3.00975,3
648,645,1617.0,20.0,1.2368584,0
1142,1141,3121.0,81.0,2.5953221,4
736,736,1688.0,32.0,1.8957347,3
955,954,2573.0,69.0,2.6816945,1
826,824,2237.0,28.0,1.2516763,0
725,723,2338.0,52.0,2.224123,0
1174,1169,4047.0,111.0,2.7427723,4
841,840,2218.0,30.0,1.3525699,0
1006,1005,2833.0,39.0,1.3766325,0
1418,1416,4629.0,138.0,2.9812055,4
955,952,3198.0,51.0,1.5947467,0
829,827,2047.0,14.0,0.6839277,0
1038,1035,3183.0,80.0,2.5133522,1
632,632,1502.0,11.0,0.73235685,2
750,750,2226.0,50.0,2.2461815,0
846,846,2093.0,21.0,1.0033444,2
1033,1031,2553.0,41.0,1.6059538,0
859,858,2496.0,44.0,1.7628206,0
890,890,2010.0,43.0,2.1393034,3
893,893,2636.0,28.0,1.0622154,0
1030,1030,3217.0,64.0,1.9894311,1
913,912,1721.0,61.0,3.544451,5
1385,1383,4177.0,101.0,2.4180033,4
750,747,1770.0,37.0,2.0903955,0
416,416,810.0,17.0,2.0987654,1
703,703,1717.0,25.0,1.456028,2
522,522,1103.0,18.0,1.631913,1
856,855,2865.0,50.0,1.7452008,0
914,914,2387.0,21.0,0.8797654,0
742,740,1940.0,51.0,2.628866,3
381,381,893.0,7.0,0.7838746,0
1079,1076,3318.0,88.0,2.6522002,0
671,669,1384.0,30.0,2.16763,5
1101,1100,2659.0,45.0,1.6923655,3
858,857,2507.0,26.0,1.0370961,0
663,662,1544.0,34.0,2.2020726,3
581,581,1305.0,31.0,2.3754787,3
845,845,2173.0,32.0,1.4726186,4
881,880,2540.0,26.0,1.023622,1
823,821,2194.0,70.0,3.1905196,0
835,833,2494.0,108.0,4.330393,0
1290,1289,3383.0,54.0,1.5962163,3
598,596,1487.0,33.0,2.2192333,2
1130,1128,3235.0,79.0,2.4420402,3
793,792,2607.0,87.0,3.3371692,0
838,836,2484.0,34.0,1.36876,0
765,765,1825.0,39.0,2.1369863,0
768,767,2115.0,25.0,1.1820331,1
815,814,2505.0,27.0,1.0778443,0
810,809,1685.0,40.0,2.3738873,5
912,911,2280.0,64.0,2.8070176,1
818,815,2734.0,51.0,1.8653986,2
790,790,2098.0,50.0,2.383222,3
665,663,1862.0,33.0,1.7722878,0
703,702,1581.0,28.0,1.7710309,2
875,873,2908.0,33.0,1.1348006,0
657,657,1368.0,16.0,1.1695907,2
1567,1566,5599.0,80.0,1.4288266,0
688,688,2104.0,32.0,1.5209125,0
749,748,2176.0,38.0,1.7463235,2
1076,1075,2904.0,91.0,3.1336088,0
782,782,2162.0,27.0,1.2488437,0
543,540,1086.0,40.0,3.6832411,5
1100,1094,3176.0,51.0,1.6057935,6
841,838,2300.0,61.0,2.6521738,0
809,806,2512.0,32.0,1.2738854,0
789,789,1791.0,32.0,1.7867112,3
1263,1262,3781.0,64.0,1.6926739,4
758,756,2050.0,51.0,2.487805,1
368,367,685.0,6.0,0.8759124,2
1022,1020,2562.0,58.0,2.2638564,1
730,727,1831.0,68.0,3.7138176,1
1101,1100,3302.0,44.0,1.3325257,4
478,476,1129.0,19.0,1.6829053,1
488,488,951.0,28.0,2.9442692,3
618,616,1477.0,25.0,1.6926202,2
940,940,2723.0,33.0,1.2118987,0
771,770,2224.0,46.0,2.0683453,0
784,781,2448.0,82.0,3.3496733,0
847,845,2154.0,54.0,2.5069637,1
1303,1302,3624.0,71.0,1.959161,1
821,821,2273.0,50.0,2.199736,3
1111,1108,3345.0,83.0,2.4813154,1
752,748,2181.0,57.0,2.61348,0
1128,1127,2912.0,42.0,1.4423077,4
958,956,2869.0,58.0,2.0216103,4
742,740,1915.0,49.0,2.5587468,3
782,779,2511.0,53.0,2.1107128,0
824,823,2028.0,39.0,1.923077,2
751,750,2177.0,52.0,2.3886082,0
872,871,2590.0,45.0,1.7374518,0
939,937,2140.0,97.0,4.5327106,3
606,606,1510.0,29.0,1.9205298,2
698,697,1799.0,20.0,1.1117287,0
705,705,1923.0,47.0,2.4440978,0
963,962,3020.0,43.0,1.4238411,3
607,606,1925.0,31.0,1.6103896,0
621,620,1632.0,28.0,1.7156863,1
1650,1646,5155.0,153.0,2.9679923,3
1093,1088,2608.0,23.0,0.88190186,0
545,545,1442.0,32.0,2.21914,1
670,667,1491.0,7.0,0.46948358,0
617,615,1754.0,29.0,1.6533637,0
723,719,1848.0,40.0,2.1645021,2
1194,1191,4073.0,80.0,1.9641541,0
1019,1018,3323.0,30.0,0.90279865,0
1291,1290,4135.0,79.0,1.91052,1
758,757,2347.0,32.0,1.3634427,0
855,854,2288.0,36.0,1.5734266,0
1549,1546,5135.0,68.0,1.3242453,3
743,742,1815.0,72.0,3.966942,3
1372,1371,4164.0,85.0,2.0413063,4
802,802,2132.0,70.0,3.283302,1
337,337,661.0,22.0,3.3282905,1
1121,1117,3665.0,148.0,4.038199,1
1028,1026,3087.0,57.0,1.8464528,0
1524,1521,4752.0,136.0,2.8619528,4
645,643,1375.0,34.0,2.4727273,2
847,846,2456.0,47.0,1.9136807,0
866,865,2518.0,54.0,2.1445591,0
941,940,2067.0,37.0,1.7900338,5
751,751,1922.0,35.0,1.8210196,0
583,583,1506.0,20.0,1.3280213,1
796,795,2215.0,34.0,1.5349888,0
793,793,2264.0,53.0,2.3409894,0
975,973,3061.0,39.0,1.2740934,0
936,935,2957.0,51.0,1.724721,0
524,524,1110.0,51.0,4.5945945,3
659,659,1843.0,45.0,2.4416711,0
607,606,1755.0,47.0,2.6780627,2
1433,1433,4211.0,153.0,3.6333413,4
562,562,1352.0,17.0,1.2573965,2
696,696,1526.0,56.0,3.6697247,4
927,925,2276.0,30.0,1.318102,0
517,515,1173.0,35.0,2.983802,2
719,718,2241.0,41.0,1.8295404,0
599,598,1900.0,44.0,2.3157895,0
639,638,1732.0,26.0,1.5011547,2
977,975,3100.0,56.0,1.8064516,0
1019,1018,2819.0,39.0,1.3834693,0
816,813,2060.0,60.0,2.9126215,0
672,669,1702.0,31.0,1.8213866,1
1903,1902,6316.0,107.0,1.6941103,6
1162,1159,2460.0,69.0,2.804878,5
964,964,2914.0,47.0,1.6129031,4
936,933,3091.0,54.0,1.7470075,0
947,943,2652.0,20.0,0.7541478,0
989,988,1948.0,25.0,1.2833675,5
790,789,2183.0,30.0,1.3742555,0
902,898,2790.0,34.0,1.2186381,0
982,982,2799.0,91.0,3.251161,4
673,670,1901.0,42.0,2.2093635,2
856,856,2339.0,58.0,2.4796922,2
629,626,1417.0,46.0,3.246295,2
692,690,1827.0,42.0,2.2988505,0
843,843,2220.0,45.0,2.027027,0
940,938,2844.0,54.0,1.8987341,2
795,795,2314.0,45.0,1.9446846,2
780,779,1950.0,25.0,1.2820513,2
821,820,1914.0,45.0,2.351097,1
471,468,1056.0,19.0,1.7992424,1
702,701,1587.0,45.0,2.8355389,1
631,629,1551.0,34.0,2.1921341,2
1557,1557,5486.0,152.0,2.770689,4
868,866,2221.0,54.0,2.431337,3
901,900,3055.0,53.0,1.7348608,0
798,795,2120.0,54.0,2.54717,1
1020,1019,2582.0,76.0,2.9434547,3
885,885,1992.0,68.0,3.4136546,5
881,879,2752.0,39.0,1.4171512,0
719,714,1913.0,47.0,2.4568741,2
1043,1042,2878.0,33.0,1.1466297,0
1238,1237,3493.0,124.0,3.5499568,4
565,565,1647.0,40.0,2.428658,0
776,776,1467.0,44.0,2.9993184,5
696,695,1654.0,41.0,2.4788392,3
725,725,1931.0,26.0,1.3464526,0
365,364,695.0,13.0,1.8705037,1
811,810,1911.0,45.0,2.354788,3
1212,1212,3734.0,117.0,3.133369,4
1178,1177,3266.0,56.0,1.7146356,0
1132,1130,3291.0,49.0,1.4889091,1
661,660,2014.0,20.0,0.99304867,0
831,829,2128.0,27.0,1.268797,3
786,786,2106.0,50.0,2.374169,1
471,471,1147.0,16.0,1.3949434,3
835,835,2568.0,25.0,0.9735202,0
564,563,1633.0,36.0,2.2045317,2
929,926,2632.0,50.0,1.8996961,2
958,958,2451.0,63.0,2.5703795,3
706,703,1723.0,44.0,2.5536854,2
388,388,768.0,20.0,2.6041665,0
842,840,1806.0,35.0,1.9379845,1
965,964,3114.0,44.0,1.4129736,0
1088,1087,3099.0,44.0,1.4198128,0
511,511,1137.0,21.0,1.8469658,2
794,794,2341.0,46.0,1.9649721,1
900,900,2963.0,46.0,1.5524806,0
865,864,1801.0,51.0,2.83176,5
789,789,1696.0,19.0,1.120283,0
504,503,1110.0,13.0,1.1711712,4
701,701,2095.0,38.0,1.8138425,0
817,817,2483.0,51.0,2.053967,0
796,790,1942.0,38.0,1.9567456,0
972,971,2737.0,16.0,0.5845817,1
906,904,2609.0,56.0,2.1464164,0
871,871,2765.0,46.0,1.6636528,0
922,919,2334.0,70.0,2.9991431,1
724,723,1461.0,21.0,1.4373717,5
628,628,1205.0,17.0,1.4107884,5
1479,1479,4907.0,82.0,1.6710821,4
533,531,1142.0,36.0,3.152364,2
1101,1099,4232.0,105.0,2.4810965,0
1913,1906,6280.0,171.0,2.72293,6
855,852,2541.0,53.0,2.085793,0
1266,1255,4143.0,58.0,1.3999517,0
884,883,2176.0,76.0,3.492647,3
817,817,1996.0,27.0,1.3527055,0
619,619,1479.0,48.0,3.245436,2
591,590,1454.0,31.0,2.1320496,0
685,683,1966.0,43.0,2.187182,0
887,883,2763.0,88.0,3.184944,0
1336,1332,4079.0,81.0,1.985781,4
656,656,1978.0,55.0,2.7805865,0
1227,1226,3097.0,48.0,1.5498871,3
980,979,2665.0,42.0,1.575985,4
817,816,2446.0,58.0,2.3712182,0
582,582,1583.0,50.0,3.1585596,0
1370,1368,4108.0,84.0,2.0447905,4
460,459,968.0,7.0,0.7231405,3
638,638,1690.0,50.0,2.95858,2
471,470,1107.0,43.0,3.8843722,3
650,647,1942.0,52.0,2.677652,2
414,414,848.0,15.0,1.7688679,1
907,906,2172.0,72.0,3.314917,1
1147,1147,3410.0,63.0,1.8475072,4
732,732,1953.0,60.0,3.0721967,4
992,992,2483.0,75.0,3.0205398,3
801,800,1771.0,61.0,3.4443817,3
822,821,2191.0,60.0,2.7384756,0
529,528,1197.0,23.0,1.9214703,3
737,735,1826.0,54.0,2.9572837,3
806,805,2612.0,41.0,1.5696784,0
816,815,2507.0,55.0,2.1938572,0
889,888,2420.0,80.0,3.305785,1
1305,1305,4142.0,42.0,1.0140029,0
588,588,1123.0,37.0,3.2947462,0
657,656,1547.0,22.0,1.4221073,2
1154,1153,3287.0,57.0,1.734104,0
713,712,1901.0,42.0,2.2093635,1
326,321,942.0,26.0,2.7600849,7
1129,1126,3860.0,100.0,2.5906737,1
1603,1602,5030.0,125.0,2.4850893,6
879,879,2549.0,54.0,2.1184778,0
1156,1155,2550.0,44.0,1.7254902,5
642,642,1740.0,30.0,1.7241379,0
285,285,627.0,21.0,3.3492823,0
825,825,2485.0,108.0,4.3460765,0
823,823,2311.0,35.0,1.5144958,1
719,718,2100.0,44.0,2.0952382,0
1253,1249,3699.0,69.0,1.8653691,4
971,971,2921.0,126.0,4.313591,0
853,852,2199.0,52.0,2.3647113,3
916,915,2845.0,48.0,1.6871705,2
1053,1053,2734.0,85.0,3.1089978,4
515,515,1106.0,38.0,3.4358046,1
1017,1017,2674.0,42.0,1.5706805,0
953,952,2746.0,83.0,3.0225782,2
832,830,1733.0,42.0,2.423543,5
645,643,1690.0,68.0,4.023669,0
667,665,1901.0,47.0,2.472383,2
1326,1324,4229.0,135.0,3.192244,4
547,546,1292.0,36.0,2.7863777,0
636,636,1590.0,29.0,1.8238994,2
1783,1782,6164.0,136.0,2.2063594,6
1211,1210,3962.0,87.0,2.1958606,1
788,787,2513.0,33.0,1.3131715,2
807,804,2492.0,61.0,2.447833,2
1104,1100,3203.0,79.0,2.4664378,0
884,883,2384.0,57.0,2.3909395,3
848,847,2429.0,29.0,1.1939069,0
788,786,2092.0,50.0,2.3900573,1
1013,1013,2584.0,52.0,2.012384,1
1003,1002,2640.0,69.0,2.6136363,1
916,914,2972.0,70.0,2.3553162,0
818,816,2373.0,47.0,1.9806153,0
828,827,2403.0,39.0,1.6229713,0
882,880,2876.0,81.0,2.8164117,0
959,959,2526.0,24.0,0.9501188,1
395,394,677.0,4.0,0.59084195,4
368,368,789.0,29.0,3.6755388,0
787,784,2261.0,22.0,0.9730208,0
929,927,2767.0,48.0,1.7347308,0
1379,1377,5218.0,118.0,2.2614028,0
711,711,1850.0,53.0,2.8648648,1
733,732,2002.0,48.0,2.3976023,0
752,751,1974.0,17.0,0.86119556,6
464,464,1031.0,12.0,1.1639185,0
626,624,1863.0,33.0,1.7713366,2
735,734,1913.0,28.0,1.4636697,1
946,945,3024.0,56.0,1.8518518,0
876,876,2625.0,38.0,1.4476191,1
647,646,1985.0,76.0,3.8287156,0
536,533,1054.0,13.0,1.2333965,1
954,950,2722.0,36.0,1.322557,2
486,485,792.0,13.0,1.6414142,5
712,712,1647.0,49.0,2.9751062,3
786,786,1840.0,60.0,3.2608695,1
438,437,1048.0,31.0,2.9580154,0
807,805,1518.0,35.0,2.3056655,5
1016,1012,3159.0,57.0,1.8043684,1
551,550,1551.0,6.0,0.3868472,0
841,840,1942.0,24.0,1.2358394,4
929,927,2744.0,63.0,2.2959185,0
757,757,1816.0,30.0,1.6519824,0
971,969,2747.0,74.0,2.6938477,4
708,707,1909.0,29.0,1.51912,0
567,565,1189.0,34.0,2.859546,1
881,880,2411.0,28.0,1.1613439,0
801,800,1990.0,32.0,1.6080402,3
873,870,1980.0,26.0,1.3131313,3
805,803,2256.0,65.0,2.8812056,0
1359,1357,4346.0,87.0,2.0018408,1
866,865,2493.0,33.0,1.3237064,0
945,945,2589.0,32.0,1.2359984,0
1068,1068,3018.0,31.0,1.0271703,0
819,819,2073.0,74.0,3.5697057,1
815,814,1585.0,45.0,2.8391168,5
1058,1058,2832.0,42.0,1.4830508,4
845,843,2186.0,37.0,1.6925892,0
881,881,2497.0,53.0,2.1225471,2
1051,1049,2641.0,19.0,0.7194245,0
1179,1179,2434.0,46.0,1.8898932,5
718,717,1740.0,39.0,2.2413795,4
657,656,1745.0,26.0,1.4899714,2
882,879,2286.0,55.0,2.4059494,4
709,709,2102.0,35.0,1.6650809,0
754,752,2013.0,35.0,1.7386984,2
735,734,1942.0,26.0,1.338826,0
603,602,1314.0,35.0,2.6636226,2
944,943,2955.0,86.0,2.9103215,1
1794,1792,6342.0,155.0,2.444024,6
712,712,2011.0,21.0,1.0442566,0
721,720,1990.0,35.0,1.758794,3
1097,1093,3244.0,162.0,4.9938345,1
813,810,2438.0,42.0,1.7227236,0
788,785,1918.0,41.0,2.1376436,3
917,914,2573.0,51.0,1.9821221,4
656,652,1939.0,44.0,2.2692108,0
1104,1103,3108.0,64.0,2.0592022,1
1268,1266,3404.0,82.0,2.4089308,4
1239,1237,4164.0,49.0,1.176753,3
862,862,2662.0,64.0,2.4042075,1
739,738,1778.0,51.0,2.8683913,2
858,857,2651.0,56.0,2.1124103,0
1066,1063,3265.0,93.0,2.848392,4
752,750,2926.0,51.0,1.7429938,0
615,615,1855.0,47.0,2.5336926,2
721,721,1883.0,36.0,1.9118428,2
571,570,1536.0,58.0,3.7760417,2
861,859,2258.0,31.0,1.3728964,2
933,931,2517.0,56.0,2.224871,0
807,805,2134.0,56.0,2.62418,2
1082,1080,2176.0,40.0,1.8382354,5
820,820,2362.0,32.0,1.354784,2
887,885,2754.0,63.0,2.2875817,0
850,850,2454.0,27.0,1.1002445,1
1567,1560,5671.0,120.0,2.116029,6
803,800,1981.0,46.0,2.3220594,1
1156,1155,3679.0,48.0,1.3047024,4
721,720,2036.0,27.0,1.3261297,0
692,691,1780.0,27.0,1.5168539,3
700,698,1632.0,56.0,3.4313726,2
458,458,937.0,23.0,2.4546423,1
637,636,1321.0,25.0,1.8925056,2
873,873,2187.0,15.0,0.68587106,0
1544,1539,4455.0,58.0,1.3019079,6
1155,1153,3459.0,73.0,2.1104364,1
1227,1224,3443.0,32.0,0.929422,2
622,622,1684.0,37.0,2.1971495,2
454,452,1022.0,21.0,2.0547945,2
724,723,1984.0,16.0,0.80645156,0
